Depth_m,FMI_ohm-m
2067.32703444072,5.97659375
2067.35751295337,4.965665
2067.38799146602,4.48362625
2067.41846997866,5.1979275
2067.44894849131,7.22213375
2067.47942700396,7.34464
2067.50990551661,4.3832
2067.54038402926,2.79617625
2067.57086254191,5.890735
2067.60134105456,5.41566
2067.6318195672,7.17971375
2067.66229807985,6.34418125
2067.6927765925,8.37192875
2067.72325510515,6.86982875
2067.7537336178,5.83317125
2067.78421213045,3.160565
2067.8146906431,3.159665
2067.84516915575,8.4616875
2067.87564766839,8.56916625
2067.90612618104,15.85196875
2067.93660469369,10.98141
2067.96708320634,8.06801
2067.99756171899,6.0178325
2068.02804023164,6.1610725
2068.05851874429,7.89902625
2068.08899725693,9.9421775
2068.11947576958,8.94850125
2068.14995428223,8.53613125
2068.18043279488,6.45458625
2068.21091130753,5.83975
2068.24138982018,7.142205
2068.27186833283,8.32356125
2068.30234684547,11.2106125
2068.33282535812,10.83018125
2068.36330387077,6.57958375
2068.39378238342,5.92238375
2068.42426089607,5.177895
2068.45473940872,6.36339125
2068.48521792137,6.3914975
2068.51569643401,12.039285
2068.54617494666,11.9786875
2068.57665345931,2.17484375
2068.60713197196,3.87319375
2068.63761048461,12.641245
2068.66808899726,12.44228125
2068.69856750991,8.4214925
2068.72904602255,5.70139625
2068.7595245352,5.26245875
2068.79000304785,6.83185625
2068.8204815605,9.79564875
2068.85096007315,10.7798175
2068.8814385858,8.74453125
2068.91191709845,8.2996125
2068.94239561109,4.22317
2068.97287412374,4.575405
2069.00335263639,6.6893275
2069.03383114904,6.94296875
2069.06430966169,8.0584575
2069.09478817434,9.33677875
2069.12526668699,6.98989125
2069.15574519963,9.37125125
2069.18622371228,5.55835125
2069.21670222493,9.23136125
2069.24718073758,6.80157875
2069.27765925023,6.7006475
2069.30813776288,5.62073
2069.33861627553,5.2396575
2069.36909478817,6.83186
2069.39957330082,7.98397375
2069.43005181347,7.39627
2069.46053032612,5.428475
2069.49100883877,3.785585
2069.52148735142,2.39193625
2069.55196586407,4.79411125
2069.58244437671,4.51800125
2069.61292288936,5.26597125
2069.64340140201,5.57936125
2069.67387991466,5.80553875
2069.70435842731,7.3476425
2069.73483693996,8.60410875
2069.76531545261,8.1797775
2069.79579396525,9.11428625
2069.8262724779,8.07768375
2069.85675099055,5.5647325
2069.8872295032,4.76875125
2069.91770801585,5.38258625
2069.9481865285,7.5210725
2069.97866504115,11.3608325
2070.00914355379,10.9118525
2070.03962206644,10.9148725
2070.07010057909,13.20698875
2070.10057909174,10.4815975
2070.13105760439,4.93295125
2070.16153611704,2.1324875
2070.19201462969,3.76349125
2070.22249314233,5.97707875
2070.25297165498,6.7450925
2070.28345016763,6.9731875
2070.31392868028,7.62220875
2070.34440719293,7.756775
2070.37488570558,7.09026
2070.40536421823,6.87914375
2070.43584273088,6.3247875
2070.46632124352,6.47034875
2070.49679975617,6.7856775
2070.52727826882,7.45158
2070.55775678147,9.57233375
2070.58823529412,8.35265375
2070.61871380677,7.11284625
2070.64919231942,7.864725
2070.67967083206,6.8121525
2070.71014934471,7.2519775
2070.74062785736,8.7427775
2070.77110637001,9.110185
2070.80158488266,10.280495
2070.83206339531,9.27753875
2070.86254190796,9.33680625
2070.8930204206,8.56887625
2070.92349893325,8.88352375
2070.9539774459,6.6951325
2070.98445595855,6.27775125
2071.0149344712,8.70307125
2071.04541298385,8.509695
2071.0758914965,10.36372125
2071.10637000914,7.80512
2071.13684852179,7.58842375
2071.16732703444,7.01871375
2071.19780554709,6.7668675
2071.22828405974,11.83928875
2071.25876257239,10.5998525
2071.28924108504,11.3069225
2071.31971959768,10.32342
2071.35019811033,9.51576875
2071.38067662298,9.2901325
2071.41115513563,8.16029125
2071.44163364828,6.8592125
2071.47211216093,11.48497875
2071.50259067358,13.88360375
2071.53306918622,10.981405
2071.56354769887,8.4135825
2071.59402621152,11.5007575
2071.62450472417,11.293405
2071.65498323682,4.53802625
2071.68546174947,5.04736875
2071.71594026212,12.63460375
2071.74641877476,4.6882875
2071.77689728741,4.7312025
2071.80737580006,7.20947125
2071.83785431271,3.2368175
2071.86833282536,1.999255
2071.89881133801,6.50883625
2071.92928985066,8.242005
2071.9597683633,10.24433
2071.99024687595,8.16182
2072.0207253886,5.63473875
2072.05120390125,4.21742625
2072.0816824139,1.9341425
2072.11216092655,2.804835
2072.1426394392,5.0936875
2072.17311795184,6.80014625
2072.20359646449,7.2571325
2072.23407497714,8.54254125
2072.26455348979,7.50411375
2072.29503200244,6.95928625
2072.32551051509,6.03816
2072.35598902774,5.6605475
2072.38646754038,6.07252
2072.41694605303,7.231985
2072.44742456568,8.776375
2072.47790307833,8.6255725
2072.50838159098,4.89247625
2072.53886010363,8.08668875
2072.56933861628,4.84830625
2072.59981712892,8.79106125
2072.63029564157,9.85125125
2072.66077415422,9.110525
2072.69125266687,11.6109475
2072.72173117952,9.02029375
2072.75220969217,10.5426425
2072.78268820482,8.8986625
2072.81316671746,8.53619375
2072.84364523011,10.29629
2072.87412374276,11.96212
2072.90460225541,17.1067275
2072.93508076806,14.749215
2072.96555928071,11.3985
2072.99603779336,15.6474175
2073.026516306,21.946785
2073.05699481865,28.2194525
2073.0874733313,23.65219375
2073.11795184395,8.3657875
2073.1484303566,11.66147625
2073.17890886925,14.25869375
2073.2093873819,5.8075
2073.23986589454,7.70647625
2073.27034440719,21.0979575
2073.30082291984,20.48962375
2073.33130143249,20.14592125
2073.36177994514,8.65061625
2073.39225845779,16.9937825
2073.42273697044,30.30857
2073.45321548308,19.8978475
2073.48369399573,6.83382625
2073.51417250838,26.309665
2073.54465102103,41.46340375
2073.57512953368,41.1823475
2073.60560804633,41.456355
2073.63608655898,42.69054375
2073.66656507162,42.78258625
2073.69704358427,42.4766625
2073.72752209692,41.5849725
2073.75800060957,42.3938225
2073.78847912222,31.4943425
2073.81895763487,10.22827625
2073.84943614752,40.19379875
2073.87991466016,36.95899375
2073.91039317281,11.490985
2073.94087168546,41.59934625
2073.97135019811,40.71124875
2074.00182871076,37.76879375
2074.03230722341,24.02397875
2074.06278573606,11.781955
2074.0932642487,33.03482875
2074.12374276135,43.08144625
2074.154221274,44.46817
2074.18469978665,44.30127
2074.2151782993,42.46656375
2074.24565681195,39.90208
2074.2761353246,33.78375
2074.30661383724,37.45805625
2074.33709234989,42.44164875
2074.36757086254,44.91757375
2074.39804937519,26.71857
2074.42852788784,30.3794975
2074.45900640049,42.4184875
2074.48948491314,43.27856375
2074.51996342578,41.84481125
2074.55044193843,35.07664125
2074.58092045108,12.10935
2074.61139896373,35.02094875
2074.64187747638,42.61735375
2074.67235598903,43.50019375
2074.70283450168,44.210885
2074.73331301432,44.61912625
2074.76379152697,33.4552075
2074.79427003962,44.628875
2074.82474855227,46.86669125
2074.85522706492,48.8880875
2074.88570557757,47.58404625
2074.91618409022,47.75999875
2074.94666260286,44.910985
2074.97714111551,11.17694125
2075.00761962816,43.83966375
2075.03809814081,47.83055625
2075.06857665346,49.52818625
2075.09905516611,45.49126
2075.12953367876,10.818165
2075.16001219141,21.23470625
2075.19049070405,50.11489375
2075.2209692167,49.45210625
2075.25144772935,48.07514375
2075.281926242,36.7578625
2075.31240475465,10.5824225
2075.3428832673,38.785885
2075.37336177995,39.16184625
2075.40384029259,27.24622
2075.43431880524,46.794985
2075.46479731789,50.08554625
2075.49527583054,33.15227125
2075.52575434319,11.97658625
2075.55623285584,31.3854175
2075.58671136849,39.18191875
2075.61718988113,51.94922375
2075.64766839378,54.01680375
2075.67814690643,52.7917625
2075.70862541908,55.39916875
2075.73910393173,55.83094875
2075.76958244438,55.0284975
2075.80006095703,55.699405
2075.83053946967,49.44806375
2075.86101798232,12.63082875
2075.89149649497,31.4918575
2075.92197500762,45.42985875
2075.95245352027,43.7228725
2075.98293203292,39.43289
2076.01341054557,38.54120875
2076.04388905821,34.26478625
2076.07436757086,14.38739125
2076.10484608351,35.1252975
2076.13532459616,28.0593475
2076.16580310881,26.9604725
2076.19628162146,33.422375
2076.22676013411,46.7075675
2076.25723864675,19.144875
2076.2877171594,52.145135
2076.31819567205,47.87077375
2076.3486741847,56.11234375
2076.37915269735,56.58454375
2076.40963121,57.745905
2076.44010972265,58.69395625
2076.47058823529,58.4129975
2076.50106674794,55.65485
2076.53154526059,45.57233625
2076.56202377324,24.26428125
2076.59250228589,12.41114875
2076.62298079854,48.9468275
2076.65345931119,51.17397875
2076.68393782383,36.62869125
2076.71441633648,55.20801375
2076.74489484913,53.4443925
2076.77537336178,47.58101
2076.80585187443,16.07376625
2076.83633038708,57.269055
2076.86680889973,58.792015
2076.89728741237,60.4718075
2076.92776592502,58.08895125
2076.95824443767,53.469335
2076.98872295032,9.44920375
2077.01920146297,59.62937
2077.04967997562,60.0200275
2077.08015848827,58.827275
2077.11063700091,56.35768125
2077.14111551356,16.9793425
2077.17159402621,12.8812475
2077.20207253886,56.225315
2077.23255105151,44.46065
2077.26302956416,61.00206375
2077.29350807681,64.20287125
2077.32398658945,64.2300075
2077.3544651021,63.26255375
2077.38494361475,64.304405
2077.4154221274,64.10793125
2077.44590064005,65.07876875
2077.4763791527,63.6261025
2077.50685766535,64.4604525
2077.53733617799,62.965985
2077.56781469064,62.00044375
2077.59829320329,38.7917375
2077.62877171594,60.00853125
2077.65925022859,11.73326
2077.68972874124,59.9495875
2077.72020725389,62.52700625
2077.75068576654,61.1214575
2077.78116427918,53.914305
2077.81164279183,15.4512075
2077.84212130448,31.04175375
2077.87259981713,22.0530475
2077.90307832978,56.83364125
2077.93355684243,52.856015
2077.96403535507,45.56836875
2077.99451386772,40.02293
2078.02499238037,12.77216625
2078.05547089302,56.709235
2078.08594940567,59.45874875
2078.11642791832,60.67223875
2078.14690643097,59.7480675
2078.17738494361,60.63908
2078.20786345626,61.44504375
2078.23834196891,61.6630075
2078.26882048156,56.5384825
2078.29929899421,55.88313
2078.32977750686,47.97087
2078.36025601951,33.27484375
2078.39073453215,58.2342275
2078.4212130448,60.38531
2078.45169155745,59.72001375
2078.4821700701,55.8432875
2078.51264858275,27.61809875
2078.5431270954,54.7896075
2078.57360560805,15.24481375
2078.60408412069,16.336815
2078.63456263334,50.4001475
2078.66504114599,50.3492675
2078.69551965864,30.06330125
2078.72599817129,40.72999125
2078.75647668394,24.05343
2078.78695519659,42.59230875
2078.81743370924,35.72221125
2078.84791222188,49.9138375
2078.87839073453,29.86093875
2078.90886924718,17.5013525
2078.93934775983,7.63838375
2078.96982627248,11.251155
2079.00030478513,35.6844575
2079.03078329778,18.686715
2079.06126181042,15.98113625
2079.09174032307,32.7920625
2079.12221883572,30.03951
2079.15269734837,33.9806275
2079.18317586102,48.35815625
2079.21365437367,48.55193
2079.24413288632,50.9909625
2079.27461139896,46.72264
2079.30508991161,9.22055375
2079.33556842426,12.25632625
2079.36604693691,6.821405
2079.39652544956,9.70713125
2079.42700396221,25.39542375
2079.45748247486,27.56742125
2079.4879609875,19.84462125
2079.51843950015,39.226045
2079.5489180128,44.91559
2079.57939652545,13.72296375
2079.6098750381,47.762515
2079.64035355075,47.13334125
2079.6708320634,33.1624825
2079.70131057604,25.045095
2079.73178908869,12.9295575
2079.76226760134,18.80594875
2079.79274611399,16.6406525
2079.82322462664,36.57513625
2079.85370313929,35.9408575
2079.88418165194,25.82282875
2079.91466016458,36.26355375
2079.94513867723,23.86345375
2079.97561718988,20.47948625
2080.00609570253,17.965655
2080.03657421518,14.4546225
2080.06705272783,29.16694375
2080.09753124048,27.063695
2080.12800975312,34.13108
2080.15848826577,24.7637825
2080.18896677842,39.39677875
2080.21944529107,33.30190625
2080.24992380372,22.9029575
2080.28040231637,19.3373425
2080.31088082902,20.76642375
2080.34135934166,33.83986375
2080.37183785431,22.594815
2080.40231636696,18.76255875
2080.43279487961,17.4649825
2080.46327339226,12.4831575
2080.49375190491,9.6718075
2080.52423041756,14.80192625
2080.5547089302,26.53836875
2080.58518744285,26.3184575
2080.6156659555,23.40346
2080.64614446815,27.07498
2080.6766229808,24.24729375
2080.70710149345,22.54183375
2080.7375800061,16.51472625
2080.76805851874,20.2415225
2080.79853703139,18.11604125
2080.82901554404,31.741915
2080.85949405669,32.87663125
2080.88997256934,22.88581625
2080.92045108199,19.68458375
2080.95092959464,17.61596
2080.98140810728,22.53361
2081.01188661993,26.66086125
2081.04236513258,19.20752
2081.07284364523,12.24373
2081.10332215788,27.447525
2081.13380067053,45.714485
2081.16427918318,44.2195975
2081.19475769582,41.900035
2081.22523620847,26.47690375
2081.25571472112,14.17974875
2081.28619323377,18.65407875
2081.31667174642,18.33017625
2081.34715025907,22.88724
2081.37762877172,24.4844625
2081.40810728436,27.5704225
2081.43858579701,30.97992375
2081.46906430966,38.26269
2081.49954282231,37.07969625
2081.53002133496,27.24736
2081.56049984761,34.89839125
2081.59097836026,37.8582625
2081.6214568729,23.11796875
2081.65193538555,24.3025675
2081.6824138982,18.05633125
2081.71289241085,21.40949375
2081.7433709235,13.41037375
2081.77384943615,15.94026875
2081.8043279488,20.0464975
2081.83480646144,25.38096125
2081.86528497409,37.6358725
2081.89576348674,24.52546
2081.92624199939,21.58257
2081.95672051204,24.34088875
2081.98719902469,25.2437
2082.01767753734,23.0379975
2082.04815604998,22.2249825
2082.07863456263,20.54710625
2082.10911307528,19.4046475
2082.13959158793,9.35961625
2082.17007010058,18.4207225
2082.20054861323,36.75474
2082.23102712588,38.28924375
2082.26150563853,28.6840425
2082.29198415117,30.43078125
2082.32246266382,35.72157375
2082.35294117647,38.71577
2082.38341968912,26.69594
2082.41389820177,22.36534125
2082.44437671442,21.927595
2082.47485522707,18.5087375
2082.50533373971,14.13105375
2082.53581225236,32.33701375
2082.56629076501,39.55846375
2082.59676927766,40.19320375
2082.62724779031,39.85442125
2082.65772630296,36.09092
2082.68820481561,12.5592225
2082.71868332825,43.0146075
2082.7491618409,14.2262825
2082.77964035355,40.5944425
2082.8101188662,40.90147875
2082.84059737885,41.56762375
2082.8710758915,44.58380625
2082.90155440415,46.10951
2082.93203291679,46.60758
2082.96251142944,46.0303525
2082.99298994209,46.6620875
2083.02346845474,36.839645
2083.05394696739,35.13466875
2083.08442548004,19.89488875
2083.11490399269,24.71540625
2083.14538250533,19.32489625
2083.17586101798,11.633855
2083.20633953063,21.133965
2083.23681804328,18.22079625
2083.26729655593,21.4136875
2083.29777506858,26.59754875
2083.32825358123,31.76130875
2083.35873209387,24.1389025
2083.38921060652,16.82907875
2083.41968911917,15.32307125
2083.45016763182,13.5666975
2083.48064614447,18.73076125
2083.51112465712,19.44242125
2083.54160316977,14.61013125
2083.57208168241,25.05732375
2083.60256019506,28.677745
2083.63303870771,15.5922975
2083.66351722036,7.4784775
2083.69399573301,20.12217
2083.72447424566,17.81365125
2083.75495275831,17.3717925
2083.78543127095,23.08368875
2083.8159097836,19.53545875
2083.84638829625,27.23944875
2083.8768668089,21.62324625
2083.90734532155,23.09451375
2083.9378238342,22.75399375
2083.96830234685,22.056595
2083.99878085949,20.65649
2084.02925937214,22.61311125
2084.05973788479,16.2461975
2084.09021639744,18.04813375
2084.12069491009,6.9069275
2084.15117342274,6.00435375
2084.18165193539,9.67333125
2084.21213044803,19.06798625
2084.24260896068,18.02814125
2084.27308747333,19.67375875
2084.30356598598,25.34261375
2084.33404449863,24.81669875
2084.36452301128,25.53816375
2084.39500152393,23.29504
2084.42548003657,23.520565
2084.45595854922,19.22665375
2084.48643706187,26.00142625
2084.51691557452,24.85466
2084.54739408717,22.03439375
2084.57787259982,25.59208625
2084.60835111247,24.4695875
2084.63882962511,16.50808375
2084.66930813776,15.876245
2084.69978665041,14.4526125
2084.73026516306,21.95477375
2084.76074367571,26.21655375
2084.79122218836,19.30213625
2084.82170070101,20.3011675
2084.85217921365,21.5553675
2084.8826577263,36.7085425
2084.91313623895,36.59341875
2084.9436147516,30.24503875
2084.97409326425,25.55297875
2085.0045717769,15.9694825
2085.03505028955,16.1492325
2085.06552880219,16.9795975
2085.09600731484,21.13413875
2085.12648582749,32.43320625
2085.15696434014,22.67415375
2085.18744285279,25.08409875
2085.21792136544,33.09666
2085.24839987809,30.97146625
2085.27887839073,22.57607
2085.30935690338,27.0119925
2085.33983541603,24.3575075
2085.37031392868,9.910815
2085.40079244133,26.468505
2085.43127095398,28.94263625
2085.46174946663,23.23405625
2085.49222797927,34.9346275
2085.52270649192,33.5434375
2085.55318500457,45.36405375
2085.58366351722,44.77651875
2085.61414202987,46.699205
2085.64462054252,36.71914625
2085.67509905517,22.70965375
2085.70557756781,19.87604
2085.73605608046,20.1788875
2085.76653459311,32.7514475
2085.79701310576,43.23236
2085.82749161841,44.85620625
2085.85797013106,43.88834
2085.88844864371,44.68364625
2085.91892715635,44.514615
2085.949405669,42.73491375
2085.97988418165,31.15870875
2086.0103626943,48.11876125
2086.04084120695,42.98684375
2086.0713197196,44.9290025
2086.10179823225,12.83445875
2086.1322767449,21.27273375
2086.16275525754,30.06645125
2086.19323377019,31.857665
2086.22371228284,39.12122875
2086.25419079549,27.41063625
2086.28466930814,34.61751125
2086.31514782079,33.3532575
2086.34562633344,29.066435
2086.37610484608,22.069095
2086.40658335873,20.00733125
2086.43706187138,12.34215
2086.46754038403,35.57748625
2086.49801889668,38.52736375
2086.52849740933,10.17458
2086.55897592197,22.54844375
2086.58945443462,31.93690625
2086.61993294727,32.69187125
2086.65041145992,36.70143625
2086.68088997257,31.142885
2086.71136848522,15.7406825
2086.74184699787,19.03251875
2086.77232551051,10.600365
2086.80280402316,19.58181625
2086.83328253581,30.6937175
2086.86376104846,35.3022825
2086.89423956111,25.48981375
2086.92471807376,19.54189625
2086.95519658641,32.21390875
2086.98567509906,29.51611875
2087.0161536117,34.12932125
2087.04663212435,31.5701975
2087.077110637,28.91544375
2087.10758914965,25.77194
2087.1380676623,25.60381125
2087.16854617495,28.25690625
2087.1990246876,30.2577925
2087.22950320024,26.48503
2087.25998171289,15.70017875
2087.29046022554,15.20648125
2087.32093873819,14.6897125
2087.35141725084,12.97828
2087.38189576349,21.5418875
2087.41237427614,20.02326
2087.44285278878,23.70699
2087.47333130143,19.76060625
2087.50380981408,19.96509125
2087.53428832673,15.276805
2087.56476683938,13.4042175
2087.59524535203,12.6477875
2087.62572386468,13.35800875
2087.65620237732,12.6034025
2087.68668088997,12.084735
2087.71715940262,4.08114125
2087.74763791527,13.73459375
2087.77811642792,18.5363875
2087.80859494057,18.6904775
2087.83907345322,11.69008875
2087.86955196586,11.75329875
2087.90003047851,10.60850875
2087.93050899116,11.57785625
2087.96098750381,11.99672
2087.99146601646,12.68431125
2088.02194452911,10.82509875
2088.05242304176,9.16492375
2088.0829015544,8.9902575
2088.11338006705,8.191435
2088.1438585797,8.1835175
2088.17433709235,8.563555
2088.204815605,8.32785
2088.23529411765,8.97375875
2088.2657726303,11.45457875
2088.29625114294,13.82033125
2088.32672965559,20.0171325
2088.35720816824,16.65023875
2088.38768668089,13.27337375
2088.41816519354,10.97579375
2088.44864370619,12.11321375
2088.47912221884,11.27347
2088.50960073148,14.931315
2088.54007924413,12.70656
2088.57055775678,12.59585625
2088.60103626943,13.2018075
2088.63151478208,12.60314
2088.66199329473,6.10648875
2088.69247180738,9.4188525
2088.72295032002,5.0781425
2088.75342883267,13.21887625
2088.78390734532,13.5840075
2088.81438585797,14.2078175
2088.84486437062,13.893535
2088.87534288327,15.00238875
2088.90582139592,23.6148525
2088.93629990856,18.2322225
2088.96677842121,16.22467875
2088.99725693386,13.28424875
2089.02773544651,13.05415625
2089.05821395916,14.4632175
2089.08869247181,24.61698375
2089.11917098446,27.30568625
2089.1496494971,26.416325
2089.18012800975,22.3583625
2089.2106065224,15.89018125
2089.24108503505,12.34423125
2089.2715635477,12.383365
2089.30204206035,12.202805
2089.332520573,9.48534375
2089.36299908564,5.96771375
2089.39347759829,18.10162125
2089.42395611094,13.99457625
2089.45443462359,17.50567125
2089.48491313624,6.50252
2089.51539164889,11.76502625
2089.54587016154,20.87162
2089.57634867418,19.4033525
2089.60682718683,18.10572
2089.63730569948,17.04390375
2089.66778421213,23.23167125
2089.69826272478,22.98113
2089.72874123743,21.07131125
2089.75921975008,15.30852625
2089.78969826273,5.6515175
2089.82017677537,7.78992875
2089.85065528802,19.65772125
2089.88113380067,22.93558125
2089.91161231332,18.67321625
2089.94209082597,20.7284675
2089.97256933862,20.35728375
2090.00304785127,17.0972075
2090.03352636391,18.0573675
2090.06400487656,19.0562025
2090.09448338921,22.87838125
2090.12496190186,25.0092425
2090.15544041451,31.5750725
2090.18591892716,27.71922625
2090.21639743981,25.2058925
2090.24687595245,18.12809
2090.2773544651,12.626545
2090.30783297775,13.9882825
2090.3383114904,15.21772
2090.36879000305,17.72917375
2090.3992685157,18.15918375
2090.42974702835,19.08341
2090.46022554099,19.37433
2090.49070405364,17.91003375
2090.52118256629,16.3578875
2090.55166107894,17.446465
2090.58213959159,16.4255825
2090.61261810424,17.62015375
2090.64309661689,17.94312875
2090.67357512953,17.9152675
2090.70405364218,32.55666875
2090.73453215483,39.60385
2090.76501066748,42.31161125
2090.79548918013,40.73732875
2090.82596769278,41.436115
2090.85644620543,37.7419575
2090.88692471807,28.27658375
2090.91740323072,22.9515925
2090.94788174337,25.37925875
2090.97836025602,18.28476
2091.00883876867,21.03296375
2091.03931728132,26.10624125
2091.06979579397,21.47250875
2091.10027430661,18.3209025
2091.13075281926,11.58881875
2091.16123133191,18.8915975
2091.19170984456,21.47488375
2091.22218835721,25.9945275
2091.25266686986,26.85406125
2091.28314538251,15.719595
2091.31362389515,16.4101375
2091.3441024078,24.9641525
2091.37458092045,25.39053875
2091.4050594331,20.9835225
2091.43553794575,24.15522625
2091.4660164584,15.26110625
2091.49649497105,16.61499375
2091.52697348369,17.63605875
2091.55745199634,15.5891075
2091.58793050899,21.13246375
2091.61840902164,20.27852375
2091.64888753429,27.3684625
2091.67936604694,26.28802125
2091.70984455959,22.87672375
2091.74032307223,16.27185
2091.77080158488,15.42990875
2091.80128009753,15.90022875
2091.83175861018,19.68560375
2091.86223712283,19.76032125
2091.89271563548,26.090185
2091.92319414813,26.124295
2091.95367266077,22.59918625
2091.98415117342,23.21459
2092.01462968607,18.44756
2092.04510819872,17.54964875
2092.07558671137,16.32061125
2092.10606522402,19.28186625
2092.13654373667,26.6743575
2092.16702224931,24.747335
2092.19750076196,22.79856125
2092.22797927461,19.626625
2092.25845778726,20.59415
2092.28893629991,23.8684025
2092.31941481256,23.1924425
2092.34989332521,13.4994025
2092.38037183785,20.97314375
2092.4108503505,21.275185
2092.44132886315,20.40624625
2092.4718073758,19.86394375
2092.50228588845,18.23150125
2092.5327644011,16.5847425
2092.56324291375,13.11157125
2092.59372142639,14.90587375
2092.62419993904,16.0169125
2092.65467845169,18.7683425
2092.68515696434,17.07076625
2092.71563547699,16.00442
2092.74611398964,18.523465
2092.77659250229,29.39362
2092.80707101493,30.71715625
2092.83754952758,30.76795
2092.86802804023,35.3264925
2092.89850655288,35.41406125
2092.92898506553,39.07312625
2092.95946357818,43.506235
2092.98994209083,38.7697675
2093.02042060347,22.07504875
2093.05089911612,24.76598
2093.08137762877,28.08065875
2093.11185614142,26.272525
2093.14233465407,21.61754875
2093.17281316672,19.22182
2093.20329167937,20.26216375
2093.23377019201,13.670815
2093.26424870466,14.28912375
2093.29472721731,17.51178875
2093.32520572996,21.0709975
2093.35568424261,25.5484275
2093.38616275526,22.76357375
2093.41664126791,18.571825
2093.44711978055,15.29531375
2093.4775982932,16.66102
2093.50807680585,17.65365125
2093.5385553185,17.68693125
2093.56903383115,16.16389125
2093.5995123438,19.5269625
2093.62999085645,21.040425
2093.66046936909,18.85186875
2093.69094788174,16.5825025
2093.72142639439,15.30960875
2093.75190490704,11.0937225
2093.78238341969,8.2954375
2093.81286193234,9.6276975
2093.84334044499,16.643125
2093.87381895763,17.48685625
2093.90429747028,17.36494
2093.93477598293,23.15263625
2093.96525449558,20.7851875
2093.99573300823,20.09067875
2094.02621152088,19.14491125
2094.05669003353,16.89534375
2094.08716854618,23.23069125
2094.11764705882,20.6968375
2094.14812557147,26.9796925
2094.17860408412,26.78784
2094.20908259677,24.71739375
2094.23956110942,22.66450375
2094.27003962207,20.78348375
2094.30051813472,20.932965
2094.33099664736,20.82276
2094.36147516001,27.40254875
2094.39195367266,32.7408225
2094.42243218531,36.3418625
2094.45291069796,37.72210375
2094.48338921061,40.11935875
2094.51386772326,34.53707625
2094.5443462359,28.93271125
2094.57482474855,17.804005
2094.6053032612,15.090935
2094.63578177385,18.64940625
2094.6662602865,26.647005
2094.69673879915,10.4685075
2094.7272173118,30.4193425
2094.75769582444,33.679925
2094.78817433709,36.92471875
2094.81865284974,30.152815
2094.84913136239,26.80006625
2094.87960987504,34.16425875
2094.91008838769,27.32229625
2094.94056690034,24.80071375
2094.97104541298,26.08137875
2095.00152392563,16.21389625
2095.03200243828,20.9715975
2095.06248095093,21.95301875
2095.09295946358,20.1108
2095.12343797623,23.95587625
2095.15391648888,34.04954
2095.18439500152,28.3687725
2095.21487351417,27.1293775
2095.24535202682,30.493545
2095.27583053947,29.2520675
2095.30630905212,25.2729975
2095.33678756477,21.23595625
2095.36726607742,32.37674375
2095.39774459006,36.27164125
2095.42822310271,45.79766375
2095.45870161536,46.73270875
2095.48918012801,42.53493625
2095.51965864066,39.41214
2095.55013715331,23.419435
2095.58061566596,24.78831375
2095.6110941786,23.21195
2095.64157269125,29.2803325
2095.6720512039,38.12796375
2095.70252971655,31.25823125
2095.7330082292,22.35149125
2095.76348674185,11.81704625
2095.7939652545,24.33345375
2095.82444376714,20.78839875
2095.85492227979,24.47054875
2095.88540079244,35.180695
2095.91587930509,44.43445125
2095.94635781774,40.282605
2095.97683633039,27.5635075
2096.00731484304,22.29492625
2096.03779335568,38.31869
2096.06827186833,37.85324875
2096.09875038098,32.22738125
2096.12922889363,40.5875775
2096.15970740628,43.23372
2096.19018591893,45.4128675
2096.22066443158,35.8733075
2096.25114294422,35.45643375
2096.28162145687,31.42258125
2096.31209996952,32.76236125
2096.34257848217,19.706725
2096.37305699482,20.62634
2096.40353550747,24.96274375
2096.43401402012,24.94008
2096.46449253276,17.57683125
2096.49497104541,31.0298375
2096.52544955806,25.67661
2096.55592807071,26.05440125
2096.58640658336,34.45799125
2096.61688509601,32.98946625
2096.64736360866,12.1228275
2096.6778421213,44.30186
2096.70832063395,47.79412875
2096.7387991466,47.41824375
2096.76927765925,40.10926125
2096.7997561719,41.68534875
2096.83023468455,37.8381025
2096.8607131972,20.1982575
2096.89119170984,37.01883875
2096.92167022249,26.06780375
2096.95214873514,36.63466875
2096.98262724779,36.74079625
2097.01310576044,26.89978
2097.04358427309,33.1415975
2097.07406278574,38.99470875
2097.10454129838,25.294335
2097.13501981103,25.96645625
2097.16549832368,28.69599375
2097.19597683633,20.7175325
2097.22645534898,38.81122875
2097.25693386163,38.3628425
2097.28741237428,26.04971
2097.31789088692,22.2758325
2097.34836939957,34.97588125
2097.37884791222,33.109645
2097.40932642487,37.336215
2097.43980493752,38.70246
2097.47028345017,24.83920625
2097.50076196282,18.33185375
2097.53124047546,14.8829675
2097.56171898811,39.11975
2097.59219750076,49.29169625
2097.62267601341,40.36298625
2097.65315452606,34.8584825
2097.68363303871,46.15363
2097.71411155136,37.35656125
2097.744590064,41.1328825
2097.77506857665,43.81524
2097.8055470893,43.57253125
2097.83602560195,18.77833
2097.8665041146,32.401835
2097.89698262725,32.61027125
2097.9274611399,55.31536
2097.95793965254,59.34426875
2097.98841816519,58.12449625
2098.01889667784,58.84381
2098.04937519049,56.47979625
2098.07985370314,56.57288125
2098.11033221579,53.36656625
2098.14081072844,36.7140875
2098.17128924109,26.5860075
2098.20176775373,16.07787375
2098.23224626638,37.7730325
2098.26272477903,49.45612875
2098.29320329168,48.009775
2098.32368180433,38.24393875
2098.35416031698,11.65449875
2098.38463882963,11.92065375
2098.41511734227,17.31967
2098.44559585492,26.91535875
2098.47607436757,22.6961625
2098.50655288022,42.69012375
2098.53703139287,30.9651575
2098.56750990552,27.04835
2098.59798841817,24.27951625
2098.62846693081,18.47380875
2098.65894544346,29.30796875
2098.68942395611,52.6304175
2098.71990246876,56.66150125
2098.75038098141,49.79801625
2098.78085949406,34.66465375
2098.81133800671,26.900775
2098.84181651935,17.2734575
2098.872295032,48.41541625
2098.90277354465,51.58792625
2098.9332520573,60.7303775
2098.96373056995,63.62828375
2098.9942090826,62.448575
2099.02468759525,55.43919125
2099.05516610789,18.9831775
2099.08564462054,62.17364875
2099.11612313319,56.5905775
2099.14660164584,55.95456375
2099.17708015849,59.24032625
2099.20755867114,45.0860075
2099.23803718379,64.4386225
2099.26851569643,65.04974875
2099.29899420908,60.34417
2099.32947272173,59.65443375
2099.35995123438,65.29119
2099.39042974703,55.48146125
2099.42090825968,42.9853375
2099.45138677233,39.21832
2099.48186528497,44.19759875
2099.51234379762,34.2225825
2099.54282231027,37.02076875
2099.57330082292,60.93077125
2099.60377933557,62.6273975
2099.63425784822,61.23761
2099.66473636087,44.38438375
2099.69521487351,46.7752975
2099.72569338616,55.99525
2099.75617189881,38.84276875
2099.78665041146,22.3035075
2099.81712892411,52.36753125
2099.84760743676,68.0754025
2099.87808594941,67.38246875
2099.90856446205,65.86252625
2099.9390429747,39.717615
2099.96952148735,47.61633125
2100,38.9508325
2100.03047851265,47.06957125
2100.0609570253,58.9434975
2100.09143553795,41.48653875
2100.12191405059,9.20688875
2100.15239256324,11.87290375
2100.18287107589,50.3374025
2100.21334958854,67.5533425
2100.24382810119,67.198885
2100.27430661384,66.52404875
2100.30478512649,62.16195375
2100.33526363913,53.19526125
2100.36574215178,68.00504
2100.39622066443,66.75702125
2100.42669917708,48.170555
2100.45717768973,44.0765275
2100.48765620238,64.56759125
2100.51813471503,70.12166375
2100.54861322767,69.78746625
2100.57909174032,70.58644375
2100.60957025297,66.25308125
2100.64004876562,72.00026
2100.67052727827,70.61030375
2100.70100579092,67.79958875
2100.73148430357,36.68272625
2100.76196281621,72.58767125
2100.79244132886,73.2784625
2100.82291984151,74.33708875
2100.85339835416,74.47293375
2100.88387686681,74.56428875
2100.91435537946,74.8690825
2100.94483389211,74.4911525
2100.97531240475,71.15204875
2101.0057909174,64.23384375
2101.03626943005,16.86028125
2101.0667479427,32.519685
2101.09722645535,69.5518375
2101.127704968,73.2389875
2101.15818348065,73.37575875
2101.18866199329,73.6698675
2101.21914050594,69.78078
2101.24961901859,69.1550175
2101.28009753124,60.84768875
2101.31057604389,72.66164125
2101.34105455654,51.9860725
2101.37153306919,65.219465
2101.40201158184,71.50209625
2101.43249009448,74.35341375
2101.46296860713,72.04987625
2101.49344711978,64.85691875
2101.52392563243,30.32416
2101.55440414508,71.19672
2101.58488265773,70.84221875
2101.61536117038,72.21977625
2101.64583968302,71.33434125
2101.67631819567,69.1633575
2101.70679670832,43.4000825
2101.73727522097,65.47654125
2101.76775373362,69.79160625
2101.79823224627,70.1859475
2101.82871075892,71.48179375
2101.85918927156,67.1275525
2101.88966778421,37.03694375
2101.92014629686,34.88122125
2101.95062480951,69.74516125
2101.98110332216,72.2311
2102.01158183481,72.407835
2102.04206034746,69.35912
2102.0725388601,59.84420125
2102.10301737275,55.92961375
2102.1334958854,59.35792125
2102.16397439805,67.368885
2102.1944529107,70.88565625
2102.22493142335,73.43732
2102.255409936,74.00859125
2102.28588844864,71.7170075
2102.31636696129,46.0158175
2102.34684547394,68.13393875
2102.37732398659,54.07143
2102.40780249924,23.90402625
2102.43828101189,24.237505
2102.46875952454,47.06077875
2102.49923803718,27.479905
2102.52971654983,16.84242
2102.56019506248,13.4910725
2102.59067357513,47.10801125
2102.62115208778,56.1306275
2102.65163060043,47.82289875
2102.68210911308,20.94854125
2102.71258762572,53.99343875
2102.74306613837,27.35507375
2102.77354465102,46.6628975
2102.80402316367,53.4327375
2102.83450167632,45.38766
2102.86498018897,44.12198875
2102.89545870162,39.38372
2102.92593721426,18.4093975
2102.95641572691,27.25204
2102.98689423956,16.0411325
2103.01737275221,20.46663
2103.04785126486,31.5818775
2103.07832977751,51.17119375
2103.10880829016,52.66031375
2103.1392868028,54.41714875
2103.16976531545,66.26609125
2103.2002438281,60.14127625
2103.23072234075,66.1994425
2103.2612008534,63.45939875
2103.29167936605,34.3088775
2103.3221578787,9.00482375
2103.35263639134,24.95534125
2103.38311490399,46.35597375
2103.41359341664,15.58889125
2103.44407192929,42.92684125
2103.47455044194,52.68629625
2103.50502895459,13.9131525
2103.53550746724,28.47150625
2103.56598597988,55.90392875
2103.59646449253,32.4480825
2103.62694300518,16.99995375
2103.65742151783,16.27591
2103.68790003048,24.3728775
2103.71837854313,39.50895375
2103.74885705578,40.5334475
2103.77933556842,47.40898
2103.80981408107,26.88027125
2103.84029259372,16.3921475
2103.87077110637,12.1421975
2103.90124961902,18.843755
2103.93172813167,7.25592625
2103.96220664432,21.99054125
2103.99268515696,32.29053375
2104.02316366961,32.98159625
2104.05364218226,22.04363
2104.08412069491,10.21173375
2104.11459920756,16.44909875
2104.14507772021,13.64909375
2104.17555623286,22.26996625
2104.2060347455,15.51369
2104.23651325815,16.042345
2104.2669917708,18.63346375
2104.29747028345,19.52218125
2104.3279487961,13.9163125
2104.35842730875,10.38627375
2104.3889058214,7.31234375
2104.41938433404,14.94550875
2104.44986284669,21.74288875
2104.48034135934,15.22602375
2104.51081987199,16.490575
2104.54129838464,13.2284175
2104.57177689729,13.94265875
2104.60225540994,17.28404125
2104.63273392258,20.37165375
2104.66321243523,21.8035525
2104.69369094788,19.00898
2104.72416946053,24.43354
2104.75464797318,21.6540125
2104.78512648583,29.506225
2104.81560499848,26.51121125
2104.84608351112,19.573635
2104.87656202377,12.4954375
2104.90704053642,18.58818125
2104.93751904907,21.07979125
2104.96799756172,26.63287625
2104.99847607437,18.298625
2105.02895458702,15.1984875
2105.05943309966,17.3146725
2105.08991161231,18.39623
2105.12039012496,13.89149875
2105.15086863761,28.5757525
2105.18134715026,31.3582175
2105.21182566291,37.2319225
2105.24230417556,29.13903625
2105.2727826882,29.1924225
2105.30326120085,21.459195
2105.3337397135,14.5859775
2105.36421822615,12.7597625
2105.3946967388,11.6576875
2105.42517525145,25.02264875
2105.4556537641,35.73126875
2105.48613227675,21.6990075
2105.51661078939,45.02985125
2105.54708930204,44.39164
2105.57756781469,35.856785
2105.60804632734,16.17410875
2105.63852483999,19.2122725
2105.66900335264,38.18993375
2105.69948186528,40.89345875
2105.72996037793,39.0251
2105.76043889058,24.36032625
2105.79091740323,25.5374475
2105.82139591588,24.86238375
2105.85187442853,25.71165625
2105.88235294118,17.9020675
2105.91283145382,15.76893375
2105.94330996647,21.739195
2105.97378847912,44.81067875
2106.00426699177,39.70902625
2106.03474550442,36.93352375
2106.06522401707,25.5208175
2106.09570252972,22.58979625
2106.12618104237,21.797685
2106.15665955501,22.75949625
2106.18713806766,21.28947875
2106.21761658031,26.10539125
2106.24809509296,7.73651125
2106.27857360561,13.209555
2106.30905211826,18.21249
2106.33953063091,25.50696
2106.37000914355,29.96421875
2106.4004876562,33.29388125
2106.43096616885,38.5792725
2106.4614446815,34.1511925
2106.49192319415,22.1347925
2106.5224017068,19.48931375
2106.55288021945,18.48042625
2106.58335873209,22.36265625
2106.61383724474,19.64218875
2106.64431575739,20.76214
2106.67479427004,23.58754625
2106.70527278269,21.0154975
2106.73575129534,27.02461625
2106.76622980799,24.4369025
2106.79670832063,26.713985
2106.82718683328,18.3211875
2106.85766534593,18.54752875
2106.88814385858,22.2426
2106.91862237123,22.577515
2106.94910088388,15.76106875
2106.97957939653,14.4874675
2107.01005790917,17.26845625
2107.04053642182,18.88834375
2107.07101493447,18.14564625
2107.10149344712,19.39688625
2107.13197195977,16.66268125
2107.16245047242,10.11138125
2107.19292898507,5.686085
2107.22340749771,14.5107525
2107.25388601036,18.16983875
2107.28436452301,16.93522875
2107.31484303566,18.320745
2107.34532154831,18.4543575
2107.37580006096,19.82199
2107.40627857361,24.48063625
2107.43675708625,23.60598625
2107.4672355989,23.240755
2107.49771411155,19.58883
2107.5281926242,21.15064875
2107.55867113685,17.1972925
2107.5891496495,15.74985875
2107.61962816215,14.4866025
2107.65010667479,7.81947
2107.68058518744,12.97510625
2107.71106370009,16.5900475
2107.74154221274,17.5871675
2107.77202072539,17.57672
2107.80249923804,22.34140375
2107.83297775069,20.58244
2107.86345626333,19.90094875
2107.89393477598,18.08577
2107.92441328863,18.9760475
2107.95489180128,20.97681
2107.98537031393,20.18011125
2108.01584882658,19.1309225
2108.04632733923,18.842005
2108.07680585187,16.52596
2108.10728436452,19.39327375
2108.13776287717,19.08167375
2108.16824138982,18.02124625
2108.19871990247,15.7734775
2108.22919841512,18.1993425
2108.25967692777,18.19186875
2108.29015544041,17.52645875
2108.32063395306,17.43011875
2108.35111246571,15.58865
2108.38159097836,15.566855
2108.41206949101,15.55126375
2108.44254800366,15.852645
2108.47302651631,14.82763875
2108.50350502895,18.02922375
2108.5339835416,18.7568
2108.56446205425,16.74927375
2108.5949405669,14.94079875
2108.62541907955,15.9970625
2108.6558975922,20.75590625
2108.68637610485,14.5070325
2108.71685461749,14.228815
2108.74733313014,12.51444125
2108.77781164279,9.2144775
2108.80829015544,16.078685
2108.83876866809,17.53803375
2108.86924718074,22.94771125
2108.89972569339,24.13294
2108.93020420603,24.600505
2108.96068271868,21.69438
2108.99116123133,18.167825
2109.02163974398,15.19537875
2109.05211825663,14.561525
2109.08259676928,12.63127625
2109.11307528193,13.4135075
2109.14355379458,11.95893875
2109.17403230722,12.99089625
2109.20451081987,15.71999
2109.23498933252,17.19515625
2109.26546784517,16.32171375
2109.29594635782,16.08849
2109.32642487047,18.97629875
2109.35690338312,14.8967075
2109.38738189576,17.04726375
2109.41786040841,18.15463125
2109.44833892106,17.46896625
2109.47881743371,15.45992625
2109.50929594636,16.8200625
2109.53977445901,11.974825
2109.57025297166,12.80742625
2109.6007314843,15.5294725
2109.63120999695,15.3218925
2109.6616885096,15.31334125
2109.69216702225,13.69296625
2109.7226455349,11.88918375
2109.75312404755,10.61045375
2109.7836025602,12.93155875
2109.81408107284,15.90149875
2109.84455958549,12.676105
2109.87503809814,10.71271
2109.90551661079,16.68728375
2109.93599512344,15.2155675
2109.96647363609,12.77194875
2109.99695214874,11.71436875
2110.02743066138,10.6053575
2110.05790917403,10.6167625
2110.08838768668,11.78488625
2110.11886619933,12.6732125
2110.14934471198,12.94869
2110.17982322463,11.89958125
2110.21030173728,11.62407125
2110.24078024992,11.41395
2110.27125876257,11.65046375
2110.30173727522,14.44605125
2110.33221578787,14.5832825
2110.36269430052,13.52214625
2110.39317281317,13.835945
2110.42365132582,12.92598
2110.45412983846,11.9937325
2110.48460835111,10.097005
2110.51508686376,10.13640625
2110.54556537641,10.41504875
2110.57604388906,9.66125125
2110.60652240171,8.70636875
2110.63700091436,9.61133875
2110.667479427,11.93233
2110.69795793965,11.0391075
2110.7284364523,12.04847
2110.75891496495,12.03172875
2110.7893934776,11.78988125
2110.81987199025,10.3998975
2110.8503505029,9.94755125
2110.88082901554,12.2060525
2110.91130752819,12.645145
2110.94178604084,14.23515
2110.97226455349,16.8002125
2111.00274306614,16.1191425
2111.03322157879,15.11243375
2111.06370009144,17.5431475
2111.09417860408,15.7721025
2111.12465711673,14.95963
2111.15513562938,15.21466375
2111.18561414203,18.14621
2111.21609265468,13.1168025
2111.24657116733,15.10478375
2111.27704967998,13.68718
2111.30752819262,12.93082375
2111.33800670527,14.89849
2111.36848521792,12.9595475
2111.39896373057,14.713855
2111.42944224322,15.021275
2111.45992075587,11.109115
2111.49039926852,13.2897425
2111.52087778116,12.01461
2111.55135629381,11.2932775
2111.58183480646,13.7203775
2111.61231331911,16.42643375
2111.64279183176,19.8364275
2111.67327034441,14.18912875
2111.70374885706,9.406485
2111.7342273697,10.0289175
2111.76470588235,10.4025475
2111.795184395,5.99089125
2111.82566290765,9.01062125
2111.8561414203,13.14107375
2111.88661993295,12.4435275
2111.9170984456,10.62567125
2111.94757695824,12.068145
2111.97805547089,16.736755
2112.00853398354,15.70838875
2112.03901249619,6.44075875
2112.06949100884,9.2669225
2112.09996952149,12.8883725
2112.13044803414,8.943525
2112.16092654678,10.17923375
2112.19140505943,15.398025
2112.22188357208,14.841745
2112.25236208473,14.61225
2112.28284059738,17.1953675
2112.31331911003,21.28353125
2112.34379762268,16.65507
2112.37427613532,14.31378125
2112.40475464797,14.17685
2112.43523316062,13.06986875
2112.46571167327,13.54335125
2112.49619018592,14.96718875
2112.52666869857,22.09588
2112.55714721122,19.35037875
2112.58762572386,17.21235125
2112.61810423651,16.56189875
2112.64858274916,24.02939625
2112.67906126181,26.3374925
2112.70953977446,33.44998
2112.74001828711,26.51325
2112.77049679976,24.30436
2112.8009753124,12.27235125
2112.83145382505,6.70236125
2112.8619323377,6.1277775
2112.89241085035,11.8343025
2112.922889363,13.071915
2112.95336787565,16.166565
2112.9838463883,19.84746875
2113.01432490094,18.05272375
2113.04480341359,18.30502625
2113.07528192624,13.13268125
2113.10576043889,29.0243675
2113.13623895154,29.8836475
2113.16671746419,24.632385
2113.19719597684,16.3538075
2113.22767448949,12.48968125
2113.25815300213,7.929255
2113.28863151478,15.32203
2113.31911002743,18.00510875
2113.34958854008,17.949005
2113.38006705273,17.098575
2113.41054556538,19.2841775
2113.44102407803,21.35062
2113.47150259067,16.80609875
2113.50198110332,6.91289875
2113.53245961597,15.4220475
2113.56293812862,15.52599375
2113.59341664127,21.81545625
2113.62389515392,21.88070625
2113.65437366657,21.921765
2113.68485217921,26.29941625
2113.71533069186,17.7041825
2113.74580920451,13.99067
2113.77628771716,17.98417125
2113.80676622981,25.33339875
2113.83724474246,20.18284875
2113.86772325511,16.44537125
2113.89820176775,13.86456625
2113.9286802804,13.85812125
2113.95915879305,15.6992075
2113.9896373057,14.45947875
2114.02011581835,14.7864175
2114.050594331,18.6845525
2114.08107284365,17.27191
2114.11155135629,27.8744525
2114.14202986894,18.34470375
2114.17250838159,30.3053925
2114.20298689424,29.03075
2114.23346540689,28.06308
2114.26394391954,34.94610875
2114.29442243219,30.28148875
2114.32490094483,26.9904725
2114.35537945748,15.53401625
2114.38585797013,20.76491
2114.41633648278,15.91510875
2114.44681499543,13.8548725
2114.47729350808,11.98792125
2114.50777202073,16.14733
2114.53825053337,14.64622375
2114.56872904602,15.81365625
2114.59920755867,5.72522375
2114.62968607132,14.12696625
2114.66016458397,17.7257275
2114.69064309662,21.45772875
2114.72112160927,24.29349625
2114.75160012191,27.34851875
2114.78207863456,28.21214625
2114.81255714721,20.0759725
2114.84303565986,14.610945
2114.87351417251,14.4911375
2114.90399268516,16.36091375
2114.93447119781,17.91173125
2114.96494971045,24.6339275
2114.9954282231,24.1225225
2115.02590673575,25.28927125
2115.0563852484,22.39418375
2115.08686376105,29.528085
2115.1173422737,29.6046175
2115.14782078635,23.20575875
2115.17829929899,12.09410875
2115.20877781164,14.69569875
2115.23925632429,8.2710925
2115.26973483694,13.13888
2115.30021334959,14.37273375
2115.33069186224,15.9426175
2115.36117037489,15.90197875
2115.39164888753,12.18394
2115.42212740018,14.33586875
2115.45260591283,4.17411625
2115.48308442548,6.74127125
2115.51356293813,16.44240875
2115.54404145078,16.46015625
2115.57451996343,17.0537975
2115.60499847607,12.726505
2115.63547698872,17.8266675
2115.66595550137,13.49022125
2115.69643401402,14.28360875
2115.72691252667,10.03223125
2115.75739103932,17.636165
2115.78786955197,16.33439125
2115.81834806461,19.298635
2115.84882657726,19.91822625
2115.87930508991,18.43373875
2115.90978360256,20.2924025
2115.94026211521,16.20313875
2115.97074062786,20.75843625
2116.00121914051,16.84818625
2116.03169765315,18.99888625
2116.0621761658,3.5440925
2116.09265467845,4.44531
2116.1231331911,9.76300625
2116.15361170375,13.64355625
2116.1840902164,16.52819
2116.21456872905,8.7169575
2116.24504724169,14.02094125
2116.27552575434,14.5376
2116.30600426699,15.45987875
2116.33648277964,14.23802125
2116.36696129229,12.31576
2116.39743980494,12.7226375
2116.42791831759,12.46925625
2116.45839683023,11.1349475
2116.48887534288,8.3149575
2116.51935385553,9.62947125
2116.54983236818,12.887815
2116.58031088083,14.64169875
2116.61078939348,22.4954025
2116.64126790613,15.23571875
2116.67174641877,15.7387775
2116.70222493142,19.34708625
2116.73270344407,16.28453875
2116.76318195672,20.21481625
2116.79366046937,21.0756725
2116.82413898202,17.17619
2116.85461749467,14.15940625
2116.88509600731,12.84658125
2116.91557451996,11.08917
2116.94605303261,8.16198625
2116.97653154526,11.01427625
2117.00701005791,13.6302575
2117.03748857056,14.736265
2117.06796708321,16.21237375
2117.09844559585,19.5884375
2117.1289241085,35.02148
2117.15940262115,39.89234375
2117.1898811338,39.27987375
2117.22035964645,30.8917175
2117.2508381591,21.18204875
2117.28131667175,20.81502875
2117.31179518439,27.4838625
2117.34227369704,26.604005
2117.37275220969,23.2415275
2117.40323072234,24.8017925
2117.43370923499,28.8713725
2117.46418774764,39.9212225
2117.49466626029,42.62074375
2117.52514477294,37.85044625
2117.55562328558,38.194745
2117.58610179823,33.47451625
2117.61658031088,19.859445
2117.64705882353,12.17700375
2117.67753733618,11.9468125
2117.70801584883,21.4093775
2117.73849436148,36.19818375
2117.76897287412,35.449005
2117.79945138677,30.13055
2117.82992989942,22.503745
2117.86040841207,30.5362425
2117.89088692472,38.53988
2117.92136543737,20.74870875
2117.95184395002,36.93043875
2117.98232246266,44.33663375
2118.01280097531,49.4680425
2118.04327948796,57.54815125
2118.07375800061,57.5397475
2118.10423651326,55.65061125
2118.13471502591,52.71079625
2118.16519353856,41.93180875
2118.1956720512,33.102205
2118.22615056385,50.10563125
2118.2566290765,46.3096825
2118.28710758915,42.08842
2118.3175861018,23.001625
2118.34806461445,37.0059875
2118.3785431271,45.57428
2118.40902163974,45.27794
2118.43950015239,31.51664625
2118.46997866504,50.85689375
2118.50045717769,47.31126
2118.53093569034,50.99662375
2118.56141420299,52.7851125
2118.59189271564,50.27074125
2118.62237122828,54.15485375
2118.65284974093,55.8971175
2118.68332825358,52.592945
2118.71380676623,52.89667875
2118.74428527888,31.5209425
2118.77476379153,40.18828
2118.80524230418,16.38267125
2118.83572081682,18.422185
2118.86619932947,42.30538875
2118.89667784212,57.52406625
2118.92715635477,56.7678075
2118.95763486742,56.4174675
2118.98811338007,55.03458625
2119.01859189272,50.44998125
2119.04907040536,42.5982175
2119.07954891801,16.46694
2119.11002743066,21.87397375
2119.14050594331,15.55302625
2119.17098445596,6.950005
2119.20146296861,13.767545
2119.23194148126,15.5718125
2119.2624199939,33.133605
2119.29289850655,33.59798125
2119.3233770192,14.7209825
2119.35385553185,21.19787625
2119.3843340445,58.2492875
2119.41481255715,59.4174
2119.4452910698,58.15353
2119.47576958244,51.84528875
2119.50624809509,37.19223625
2119.53672660774,57.0955675
2119.56720512039,58.6075125
2119.59768363304,57.95222875
2119.62816214569,45.81708
2119.65864065834,18.7183375
2119.68911917098,44.2625325
2119.71959768363,61.48818625
2119.75007619628,59.1951925
2119.78055470893,36.5751225
2119.81103322158,52.44921625
2119.84151173423,60.6398075
2119.87199024688,60.5400725
2119.90246875952,63.159205
2119.93294727217,58.61429625
2119.96342578482,19.83812625
2119.99390429747,50.58663125
2120.02438281012,61.05544875
2120.05486132277,54.57747125
2120.08533983542,43.80176
2120.11581834806,50.2886
2120.14629686071,46.91034625
2120.17677537336,51.5742725
2120.20725388601,19.26745125
2120.23773239866,16.1350675
2120.26821091131,36.70054625
2120.29868942396,42.52838625
2120.32916793661,57.5274275
2120.35964644925,56.33871625
2120.3901249619,60.2430075
2120.42060347455,63.3643425
2120.4510819872,53.5548675
2120.48156049985,62.2422075
2120.5120390125,61.097145
2120.54251752515,61.329895
2120.57299603779,53.58661125
2120.60347455044,40.208825
2120.63395306309,46.57585375
2120.66443157574,44.4862
2120.69491008839,24.582725
2120.72538860104,39.66300375
2120.75586711369,53.87980875
2120.78634562633,65.06367625
2120.81682413898,63.2530025
2120.84730265163,64.30162
2120.87778116428,61.62623875
2120.90825967693,52.49817875
2120.93873818958,20.86461125
2120.96921670223,62.90943
2120.99969521487,65.76904125
2121.03017372752,53.54233
2121.06065224017,31.23378375
2121.09113075282,60.79662625
2121.12160926547,66.3917325
2121.15208777812,64.89669125
2121.18256629077,63.74388
2121.21304480341,61.05049375
2121.24352331606,43.23776375
2121.27400182871,35.81397875
2121.30448034136,56.62183125
2121.33495885401,56.89951625
2121.36543736666,47.60478875
2121.39591587931,48.26805
2121.42639439195,47.009105
2121.4568729046,38.71739125
2121.48735141725,47.13249
2121.5178299299,52.69801625
2121.54830844255,57.082275
2121.5787869552,59.9189575
2121.60926546785,59.07666875
2121.63974398049,59.1827
2121.67022249314,32.01685125
2121.70070100579,18.46345375
2121.73117951844,25.70153125
2121.76165803109,31.76080875
2121.79213654374,49.7893875
2121.82261505639,44.64045
2121.85309356903,45.620445
2121.88357208168,26.8646475
2121.91405059433,15.0708975
2121.94452910698,48.01706625
2121.97500761963,53.04199125
2122.00548613228,45.1511325
2122.03596464493,25.5027625
2122.06644315757,53.22456625
2122.09692167022,56.2592225
2122.12740018287,54.8642225
2122.15787869552,43.51886125
2122.18835720817,27.088885
2122.21883572082,53.09421
2122.24931423347,41.49256375
2122.27979274611,36.47676
2122.31027125876,22.1399125
2122.34074977141,48.761595
2122.37122828406,52.77652375
2122.40170679671,35.04059
2122.43218530936,29.56841625
2122.46266382201,43.02553125
2122.49314233465,51.2508
2122.5236208473,56.0975375
2122.55409935995,52.74015875
2122.5845778726,49.73962375
2122.61505638525,45.65433875
2122.6455348979,41.7958075
2122.67601341055,17.07315
2122.70649192319,15.77493625
2122.73697043584,37.67987
2122.76744894849,47.9825825
2122.79792746114,39.50603875
2122.82840597379,35.66086
2122.85888448644,25.2326725
2122.88936299909,38.85415875
2122.91984151173,35.7685
2122.95032002438,39.4462575
2122.98079853703,32.82583875
2123.01127704968,42.63062125
2123.04175556233,55.66426875
2123.07223407498,63.30048125
2123.10271258763,45.99352375
2123.13319110027,53.42935
2123.16366961292,65.64782875
2123.19414812557,66.48116875
2123.22462663822,55.55712375
2123.25510515087,25.3518225
2123.28558366352,54.11494125
2123.31606217617,45.0708425
2123.34654068881,40.49654
2123.37701920146,44.710965
2123.40749771411,35.98340375
2123.43797622676,40.0696925
2123.46845473941,56.7041075
2123.49893325206,46.47810375
2123.52941176471,26.67491375
2123.55989027735,29.87680875
2123.59036879,44.256555
2123.62084730265,45.31993375
2123.6513258153,46.62512875
2123.68180432795,30.09607125
2123.7122828406,61.77891125
2123.74276135325,41.93664125
2123.77323986589,35.209655
2123.80371837854,48.3464475
2123.83419689119,53.7462025
2123.86467540384,52.25919625
2123.89515391649,60.22434875
2123.92563242914,34.96985625
2123.95611094179,65.1778475
2123.98658945443,69.17613875
2124.01706796708,64.38506375
2124.04754647973,61.68100625
2124.07802499238,42.73665875
2124.10850350503,33.51366
2124.13898201768,50.15709875
2124.16946053033,51.9104125
2124.19993904297,27.068925
2124.23041755562,51.34166375
2124.26089606827,53.3548
2124.29137458092,48.71486125
2124.32185309357,31.1527925
2124.35233160622,23.02744125
2124.38281011887,16.46353875
2124.41328863151,22.84008375
2124.44376714416,15.65924875
2124.47424565681,21.99127625
2124.50472416946,16.76981125
2124.53520268211,33.5365975
2124.56568119476,35.20124375
2124.59615970741,40.5201325
2124.62663822005,47.35328
2124.6571167327,40.77915875
2124.68759524535,24.0365925
2124.718073758,9.20185375
2124.74855227065,10.78476875
2124.7790307833,20.35317625
2124.80950929595,34.39218
2124.83998780859,39.75425375
2124.87046632124,45.694405
2124.90094483389,45.67466625
2124.93142334654,23.54394625
2124.96190185919,31.32429875
2124.99238037184,20.40123
2125.02285888449,30.4850975
2125.05333739714,18.65004875
2125.08381590978,33.49540625
2125.11429442243,33.74668125
2125.14477293508,19.10418875
2125.17525144773,52.42528875
2125.20572996038,57.17026375
2125.23620847303,59.2386275
2125.26668698568,58.72723125
2125.29716549832,59.15493
2125.32764401097,53.071395
2125.35812252362,30.40946
2125.38860103627,17.44594
2125.41907954892,46.365275
2125.44955806157,50.07203875
2125.48003657422,49.11338125
2125.51051508686,47.939025
2125.54099359951,49.45619375
2125.57147211216,48.82367875
2125.60195062481,41.45208875
2125.63242913746,13.073295
2125.66290765011,14.02007375
2125.69338616276,42.94646875
2125.7238646754,43.18024125
2125.75434318805,54.146475
2125.7848217007,53.13310375
2125.81530021335,54.29924625
2125.845778726,53.1115275
2125.87625723865,45.44953875
2125.9067357513,45.01779875
2125.93721426394,31.86844
2125.96769277659,28.81716125
2125.99817128924,26.01757
2126.02864980189,54.27048375
2126.05912831454,46.48766375
2126.08960682719,13.80247
2126.12008533984,36.3534
2126.15056385248,37.09238125
2126.18104236513,17.75868375
2126.21152087778,18.7244775
2126.24199939043,10.54497375
2126.27247790308,23.89959125
2126.30295641573,13.32989625
2126.33343492838,32.06622375
2126.36391344102,16.9282375
2126.39439195367,30.8868925
2126.42487046632,37.4327425
2126.45534897897,46.28719125
2126.48582749162,49.96746375
2126.51630600427,56.83345
2126.54678451692,20.5489675
2126.57726302956,42.53265875
2126.60774154221,36.10032625
2126.63822005486,15.69767625
2126.66869856751,35.05135375
2126.69917708016,36.88783625
2126.72965559281,40.762455
2126.76013410546,44.4005275
2126.7906126181,44.868235
2126.82109113075,50.82681875
2126.8515696434,47.84199125
2126.88204815605,39.8593325
2126.9125266687,39.50872625
2126.94300518135,25.3923275
2126.973483694,30.78254375
2127.00396220664,26.07336
2127.03444071929,13.30235
2127.06491923194,8.5162775
2127.09539774459,11.44199375
2127.12587625724,22.41373875
2127.15635476989,14.94213
2127.18683328254,14.9431325
2127.21731179518,14.94004375
2127.24779030783,14.209925
2127.27826882048,14.456385
2127.30874733313,15.8918475
2127.33922584578,7.8566075
2127.36970435843,23.483335
2127.40018287108,24.58475375
2127.43066138372,11.73224
2127.46113989637,16.43725125
2127.49161840902,20.720645
2127.52209692167,22.54666875
2127.55257543432,21.77581125
2127.58305394697,23.63889625
2127.61353245962,26.367375
2127.64401097226,25.15212375
2127.67448948491,28.62062875
2127.70496799756,32.3595175
2127.73544651021,28.09710875
2127.76592502286,19.19846125
2127.79640353551,16.675655
2127.82688204816,16.62721
2127.8573605608,15.7080475
2127.88783907345,16.6157975
2127.9183175861,23.1734425
2127.94879609875,26.85518625
2127.9792746114,31.14330875
2128.00975312405,25.48104375
2128.0402316367,35.3211825
2128.07071014934,38.45791625
2128.10118866199,37.97332875
2128.13166717464,19.67268625
2128.16214568729,17.7772875
2128.19262419994,11.21899125
2128.22310271259,30.27347875
2128.25358122524,32.30190625
2128.28405973788,22.6372325
2128.31453825053,28.9666
2128.34501676318,31.29665125
2128.37549527583,32.0347925
2128.40597378848,29.434375
2128.43645230113,19.93938875
2128.46693081378,24.97666125
2128.49740932643,26.8696825
2128.52788783907,21.40695375
2128.55836635172,15.78028625
2128.58884486437,14.234485
2128.61932337702,14.1838925
2128.64980188967,15.075165
2128.68028040232,23.57444625
2128.71075891497,34.108945
2128.74123742761,28.842235
2128.77171594026,25.37366625
2128.80219445291,34.6700125
2128.83267296556,35.2295075
2128.86315147821,31.21253375
2128.89362999086,23.42681375
2128.92410850351,15.29946625
2128.95458701615,14.8096825
2128.9850655288,11.9362025
2129.01554404145,15.73461375
2129.0460225541,20.671035
2129.07650106675,30.17965
2129.1069795794,35.50618875
2129.13745809205,38.34165125
2129.16793660469,30.63653625
2129.19841511734,22.39860375
2129.22889362999,34.14079875
2129.25937214264,28.03543625
2129.28985065529,11.75257625
2129.32032916794,18.37009
2129.35080768059,17.73897875
2129.38128619323,15.24572875
2129.41176470588,22.67828625
2129.44224321853,25.077895
2129.47272173118,20.3029275
2129.50320024383,23.7249625
2129.53367875648,27.20768125
2129.56415726913,26.8930875
2129.59463578177,20.743815
2129.62511429442,34.460085
2129.65559280707,26.92091
2129.68607131972,15.07824375
2129.71654983237,28.7065325
2129.74702834502,18.20240875
2129.77750685767,14.51554125
2129.80798537031,13.9613925
2129.83846388296,15.42655375
2129.86894239561,16.09984375
2129.89942090826,18.25141125
2129.92989942091,20.01924625
2129.96037793356,22.314795
2129.99085644621,20.46855625
2130.02133495885,18.695165
2130.0518134715,18.3552625
2130.08229198415,16.06132375
2130.1127704968,20.11238
2130.14324900945,20.74261375
2130.1737275221,21.99331625
2130.20420603475,19.39381375
2130.23468454739,21.76058375
2130.26516306004,22.2626225
2130.29564157269,20.16235875
2130.32612008534,19.3296125
2130.35659859799,19.07591875
2130.38707711064,17.1338675
2130.41755562329,19.36819
2130.44803413593,15.010945
2130.47851264858,18.4178125
2130.50899116123,20.01313875
2130.53946967388,21.41195
2130.56994818653,19.2412675
2130.60042669918,21.165635
2130.63090521183,25.619535
2130.66138372447,25.579865
2130.69186223712,22.9352625
2130.72234074977,22.33438875
2130.75281926242,22.579315
2130.78329777507,22.2520725
2130.81377628772,27.80553625
2130.84425480037,24.75377125
2130.87473331301,22.83898
2130.90521182566,14.97704125
2130.93569033831,14.29628875
2130.96616885096,13.68783875
2130.99664736361,20.2000425
2131.02712587626,39.86428
2131.05760438891,43.17367375
2131.08808290155,26.6077775
2131.1185614142,28.1519325
2131.14903992685,27.88398
2131.1795184395,28.567885
2131.20999695215,27.39242875
2131.2404754648,23.82076875
2131.27095397745,20.78132125
2131.30143249009,19.092635
2131.33191100274,19.3124925
2131.36238951539,23.17546875
2131.39286802804,18.10027625
2131.42334654069,16.52910625
2131.45382505334,13.05629625
2131.48430356599,14.3065675
2131.51478207863,11.466485
2131.54526059128,12.94758875
2131.57573910393,14.9442225
2131.60621761658,15.69918375
2131.63669612923,17.15482125
2131.66717464188,19.1288
2131.69765315453,23.0498025
2131.72813166717,23.9426825
2131.75861017982,23.792345
2131.78908869247,22.793715
2131.81956720512,24.44929875
2131.85004571777,27.58058125
2131.88052423042,37.17697375
2131.91100274307,34.93579875
2131.94148125571,30.44882875
2131.97195976836,21.16141
2132.00243828101,18.0368975
2132.03291679366,19.6672325
2132.06339530631,16.0062975
2132.09387381896,19.112795
2132.12435233161,22.794795
2132.15483084426,21.13578875
2132.1853093569,24.23692625
2132.21578786955,31.20559125
2132.2462663822,33.11930625
2132.27674489485,37.12359375
2132.3072234075,32.84669
2132.33770192015,30.22467875
2132.3681804328,37.10802375
2132.39865894544,32.62638625
2132.42913745809,40.18092375
2132.45961597074,22.53972
2132.49009448339,39.29825875
2132.52057299604,44.02372125
2132.55105150869,41.83851375
2132.58153002134,44.425975
2132.61200853398,38.114675
2132.64248704663,50.13091125
2132.67296555928,32.2640125
2132.70344407193,41.77512
2132.73392258458,34.27096875
2132.76440109723,33.799635
2132.79487960988,42.85672125
2132.82535812252,45.531015
2132.85583663517,35.2419075
2132.88631514782,36.49052875
2132.91679366047,24.83356625
2132.94727217312,16.6333275
2132.97775068577,22.50165875
2133.00822919842,22.793315
2133.03870771106,14.644635
2133.06918622371,14.1006875
2133.09966473636,14.1711725
2133.13014324901,14.2953875
2133.16062176166,13.54059375
2133.19110027431,15.72026375
2133.22157878696,19.2910175
2133.2520572996,25.0053475
2133.28253581225,27.4735125
2133.3130143249,31.89217375
2133.34349283755,38.72888875
2133.3739713502,37.2259025
2133.40444986285,34.22354125
2133.4349283755,21.19970625
2133.46540688814,25.00221125
2133.49588540079,31.23681375
2133.52636391344,22.73085375
2133.55684242609,21.5919675
2133.58732093874,25.9578725
2133.61779945139,22.49200875
2133.64827796404,36.26648125
2133.67875647668,36.87250625
2133.70923498933,32.4957625
2133.73971350198,38.888755
2133.77019201463,27.7922375
2133.80067052728,24.507305
2133.83114903993,26.54773125
2133.86162755258,33.6733475
2133.89210606522,31.47321625
2133.92258457787,15.82949375
2133.95306309052,14.53412375
2133.98354160317,13.5232975
2134.01402011582,12.65267625
2134.04449862847,12.82438875
2134.07497714112,12.02177625
2134.10545565376,11.41950625
2134.13593416641,11.34584375
2134.16641267906,10.8391925
2134.19689119171,12.39250875
2134.22736970436,15.52957625
2134.25784821701,14.55536125
2134.28832672966,16.82876625
2134.3188052423,19.11988125
2134.34928375495,15.112735
2134.3797622676,19.827555
2134.41024078025,21.9291125
2134.4407192929,23.20547
2134.47119780555,28.713025
2134.5016763182,23.2718875
2134.53215483084,28.732055
2134.56263334349,31.2102125
2134.59311185614,37.05610625
2134.62359036879,30.7715825
2134.65406888144,38.014685
2134.68454739409,28.50594
2134.71502590674,20.89776625
2134.74550441938,22.29366875
2134.77598293203,21.196825
2134.80646144468,24.0816675
2134.83693995733,30.751745
2134.86741846998,32.3547725
2134.89789698263,35.87973
2134.92837549528,25.188135
2134.95885400792,33.6212025
2134.98933252057,48.5429175
2135.01981103322,47.20776375
2135.05028954587,51.29484625
2135.08076805852,35.6496775
2135.11124657117,12.063545
2135.14172508382,18.39231
2135.17220359646,26.8963375
2135.20268210911,25.30230625
2135.23316062176,19.53862125
2135.26363913441,18.0842275
2135.29411764706,21.45254875
2135.32459615971,21.535045
2135.35507467236,19.86091
2135.385553185,18.56333625
2135.41603169765,21.466165
2135.4465102103,25.42861625
2135.47698872295,32.74045
2135.5074672356,34.254735
2135.53794574825,34.63398875
2135.5684242609,36.30649625
2135.59890277354,38.73259875
2135.62938128619,34.6315775
2135.65985979884,31.3649625
2135.69033831149,22.6563075
2135.72081682414,16.22990125
2135.75129533679,22.77406
2135.78177384944,29.2225
2135.81225236208,19.4941175
2135.84273087473,28.73169875
2135.87320938738,24.8641625
2135.90368790003,24.0938975
2135.93416641268,22.4029475
2135.96464492533,21.161145
2135.99512343798,22.85839
2136.02560195062,33.40941
2136.05608046327,33.55632
2136.08655897592,21.32713375
2136.11703748857,18.41755375
2136.14751600122,24.6502375
2136.17799451387,29.2250125
2136.20847302652,18.68977625
2136.23895153916,17.35675125
2136.26943005181,20.8899975
2136.29990856446,24.0244
2136.33038707711,13.7420325
2136.36086558976,9.7943575
2136.39134410241,9.443025
2136.42182261506,8.2211
2136.4523011277,6.405415
2136.48277964035,4.56021
2136.513258153,5.863015
2136.54373666565,18.8764425
2136.5742151783,19.46788125
2136.60469369095,19.7992
2136.6351722036,22.30208375
2136.66565071624,20.0574375
2136.69612922889,17.71174375
2136.72660774154,24.977995
2136.75708625419,22.9503525
2136.78756476684,27.40585375
2136.81804327949,25.25270625
2136.84852179214,31.38039875
2136.87900030479,33.5324825
2136.90947881743,32.48691625
2136.93995733008,28.42591
2136.97043584273,36.55327375
2137.00091435538,32.27429875
2137.03139286803,28.95690625
2137.06187138068,39.17456625
2137.09234989333,41.606445
2137.12282840597,37.46992125
2137.15330691862,37.11294625
2137.18378543127,23.73833125
2137.21426394392,28.7783375
2137.24474245657,15.9436975
2137.27522096922,18.93158625
2137.30569948187,17.62027375
2137.33617799451,16.4092525
2137.36665650716,16.2624925
2137.39713501981,14.9390125
2137.42761353246,17.7292975
2137.45809204511,19.12506875
2137.48857055776,15.98292875
2137.51904907041,17.9074125
2137.54952758305,18.8635675
2137.5800060957,17.9324025
2137.61048460835,20.5481825
2137.640963121,16.08016375
2137.67144163365,13.97378875
2137.7019201463,22.68066625
2137.73239865895,33.98540375
2137.76287717159,35.86512625
2137.79335568424,35.7366575
2137.82383419689,35.556125
2137.85431270954,13.20055375
2137.88479122219,7.93883
2137.91526973484,9.75045375
2137.94574824749,9.66063125
2137.97622676013,12.0516
2138.00670527278,16.38667
2138.03718378543,14.4253125
2138.06766229808,12.4855
2138.09814081073,16.31466125
2138.12861932338,20.30310625
2138.15909783603,21.76996375
2138.18957634867,24.78063375
2138.22005486132,29.00405875
2138.25053337397,28.929985
2138.28101188662,23.08292875
2138.31149039927,21.475815
2138.34196891192,25.98592875
2138.37244742457,19.3958525
2138.40292593721,15.11230125
2138.43340444986,16.66044
2138.46388296251,20.6226825
2138.49436147516,28.13957375
2138.52483998781,32.54720125
2138.55531850046,31.8772475
2138.58579701311,31.85663875
2138.61627552575,21.015795
2138.6467540384,48.5437225
2138.67723255105,45.64991125
2138.7077110637,33.1098425
2138.73818957635,24.9243225
2138.768668089,14.61298875
2138.79914660165,14.7671525
2138.82962511429,16.376775
2138.86010362694,29.8497725
2138.89058213959,19.72080625
2138.92106065224,24.29110125
2138.95153916489,8.14387375
2138.98201767754,4.687425
2139.01249619019,12.55293375
2139.04297470283,8.87150875
2139.07345321548,4.83203
2139.10393172813,10.64674125
2139.13441024078,17.98427375
2139.16488875343,10.32791625
2139.19536726608,26.0017
2139.22584577873,48.28266375
2139.25632429137,38.32202125
2139.28680280402,3.0662975
2139.31728131667,3.64195125
2139.34775982932,5.30504
2139.37823834197,5.49682625
2139.40871685462,7.4621
2139.43919536727,9.3314325
2139.46967387992,11.680385
2139.50015239256,12.91147
2139.53063090521,12.4714375
2139.56110941786,10.26201125
2139.59158793051,8.36899875
2139.62206644316,10.9199275
2139.65254495581,8.3057875
2139.68302346846,10.744065
2139.7135019811,21.61202375
2139.74398049375,17.11271
2139.7744590064,19.30355
2139.80493751905,12.5640925
2139.8354160317,9.6653725
2139.86589454435,9.001455
2139.896373057,9.563835
2139.92685156964,10.51526875
2139.95733008229,8.29317
2139.98780859494,8.34722375
2140.01828710759,7.1496075
2140.04876562024,7.1253325
2140.07924413289,7.17541
2140.10972264554,6.8416875
2140.14020115818,9.20094125
2140.17067967083,14.85377
2140.20115818348,12.86470875
2140.23163669613,7.0552875
2140.26211520878,11.46659875
2140.29259372143,9.8756025
2140.32307223408,6.9305275
2140.35355074672,6.5456675
2140.38402925937,10.17527625
2140.41450777202,9.874405
2140.44498628467,10.75287625
2140.47546479732,7.99109875
2140.50594330997,5.538355
2140.53642182262,3.12199125
2140.56690033526,2.1424
2140.59737884791,2.310995
2140.62785736056,7.22723125
2140.65833587321,9.80199
2140.68881438586,11.96832375
2140.71929289851,10.47628375
2140.74977141116,11.79800625
2140.7802499238,11.7925775
2140.81072843645,9.8528975
2140.8412069491,10.37417375
2140.87168546175,10.58288625
2140.9021639744,10.34804125
2140.93264248705,13.81383625
2140.9631209997,11.78219125
2140.99359951234,11.22206625
2141.02407802499,12.17980125
2141.05455653764,11.84463125
2141.08503505029,13.6306425
2141.11551356294,14.31030625
2141.14599207559,12.3256775
2141.17647058824,11.83915125
2141.20694910088,9.61637375
2141.23742761353,8.02366
2141.26790612618,8.474145
2141.29838463883,10.48703375
2141.32886315148,10.12649375
2141.35934166413,11.00362375
2141.38982017678,8.7893
2141.42029868942,8.03879
2141.45077720207,7.36732875
2141.48125571472,7.63866625
2141.51173422737,8.092815
2141.54221274002,7.97640375
2141.57269125267,7.4362375
2141.60316976532,7.0689075
2141.63364827796,7.72691
2141.66412679061,4.8200975
2141.69460530326,9.3308
2141.72508381591,12.52847125
2141.75556232856,12.55216875
2141.78604084121,14.28756375
2141.81651935386,13.28412625
2141.8469978665,11.95813875
2141.87747637915,11.265105
2141.9079548918,11.01482875
2141.93843340445,9.37962
2141.9689119171,9.62001
2141.99939042975,9.48923625
2142.0298689424,6.4006825
2142.06034745504,3.79103875
2142.09082596769,5.96844125
2142.12130448034,9.04249625
2142.15178299299,10.34195625
2142.18226150564,13.50215875
2142.21274001829,18.71382
2142.24321853094,21.99579
2142.27369704358,21.40938625
2142.30417555623,19.613775
2142.33465406888,18.3847175
2142.36513258153,19.31475
2142.39561109418,16.776245
2142.42608960683,14.90484375
2142.45656811948,13.06532875
2142.48704663212,12.28529875
2142.51752514477,13.3508775
2142.54800365742,12.40667375
2142.57848217007,11.59739875
2142.60896068272,10.859285
2142.63943919537,11.30224
2142.66991770802,14.5219075
2142.70039622066,19.3118075
2142.73087473331,16.653465
2142.76135324596,16.643885
2142.79183175861,9.99922375
2142.82231027126,9.0621125
2142.85278878391,9.1269025
2142.88326729656,8.49200625
2142.9137458092,7.53339625
2142.94422432185,6.78602
2142.9747028345,8.32890875
2143.00518134715,6.96238
2143.0356598598,4.208335
2143.06613837245,6.9046925
2143.0966168851,9.68720875
2143.12709539774,10.23509375
2143.15757391039,11.801505
2143.18805242304,13.61615125
2143.21853093569,15.6070975
2143.24900944834,16.26199875
2143.27948796099,16.10373125
2143.30996647364,17.1320475
2143.34044498628,16.625835
2143.37092349893,15.16975375
2143.40140201158,14.6720825
2143.43188052423,13.8322375
2143.46235903688,11.42233875
2143.49283754953,12.51516375
2143.52331606218,11.83122125
2143.55379457482,10.62448125
2143.58427308747,9.74733875
2143.61475160012,8.2496875
2143.64523011277,9.00034125
2143.67570862542,8.0996225
2143.70618713807,7.60233625
2143.73666565072,7.65218125
2143.76714416336,7.88633125
2143.79762267601,6.3983625
2143.82810118866,5.7790175
2143.85857970131,6.12597125
2143.88905821396,5.46740125
2143.91953672661,5.4239775
2143.95001523926,8.6607675
2143.9804937519,9.51106375
2144.01097226455,13.70486
2144.0414507772,13.8884525
2144.07192928985,14.71841375
2144.1024078025,15.7540525
2144.13288631515,13.45208625
2144.1633648278,12.2312
2144.19384334045,6.81646125
2144.22432185309,7.69381
2144.25480036574,5.853605
2144.28527887839,4.23463875
2144.31575739104,3.5322975
2144.34623590369,8.07555875
2144.37671441634,11.50243
2144.40719292899,11.105805
2144.43767144163,10.4256875
2144.46814995428,8.88121
2144.49862846693,7.54457625
2144.52910697958,7.78439125
2144.55958549223,7.46646375
2144.59006400488,8.27835
2144.62054251753,10.0332725
2144.65102103017,10.4417175
2144.68149954282,9.72402375
2144.71197805547,11.367585
2144.74245656812,9.12406625
2144.77293508077,7.68634875
2144.80341359342,8.507985
2144.83389210607,8.40497875
2144.86437061871,8.44967375
2144.89484913136,9.48691125
2144.92532764401,10.44767375
2144.95580615666,12.72223375
2144.98628466931,14.43116375
2145.01676318196,15.5398675
2145.04724169461,15.831085
2145.07772020725,15.96713625
2145.1081987199,13.57889125
2145.13867723255,13.87604
2145.1691557452,14.80118875
2145.19963425785,13.57486125
2145.2301127705,13.0244775
2145.26059128315,17.8044975
2145.29106979579,21.4122125
2145.32154830844,22.7323975
2145.35202682109,22.60586875
2145.38250533374,22.83193375
2145.41298384639,22.43643875
2145.44346235904,18.57022375
2145.47394087169,11.273
2145.50441938433,8.59736
2145.53489789698,8.1934525
2145.56537640963,9.047515
2145.59585492228,7.13475375
2145.62633343493,6.9196825
2145.65681194758,8.405325
2145.68729046023,9.5908025
2145.71776897287,10.80289375
2145.74824748552,8.190325
2145.77872599817,7.89636
2145.80920451082,6.85705875
2145.83968302347,6.82615625
2145.87016153612,5.92148875
2145.90064004877,6.0879025
2145.93111856141,4.8208775
2145.96159707406,5.02108
2145.99207558671,6.44875
2146.02255409936,7.8732675
2146.05303261201,10.38367875
2146.08351112466,18.15160625
2146.11398963731,20.73627
2146.14446814995,25.917345
2146.1749466626,28.51735
2146.20542517525,32.51555375
2146.2359036879,33.83324
2146.26638220055,33.887205
2146.2968607132,33.6210125
2146.32733922585,32.97208
2146.35781773849,28.79335625
2146.38829625114,24.4018825
2146.41877476379,16.2657775
2146.44925327644,18.57569375
2146.47973178909,17.317985
2146.51021030174,13.51126375
2146.54068881439,13.72496875
2146.57116732703,10.5009975
2146.60164583968,8.34095375
2146.63212435233,14.1270075
2146.66260286498,15.0571775
2146.69308137763,18.8823525
2146.72355989028,21.040245
2146.75403840293,21.2507625
2146.78451691557,27.71033375
2146.81499542822,18.02992875
2146.84547394087,8.6359225
2146.87595245352,7.27068375
2146.90643096617,7.40841125
2146.93690947882,8.08527875
2146.96738799147,8.350775
2146.99786650411,10.99206375
2147.02834501676,14.48258375
2147.05882352941,9.6247225
2147.08930204206,10.24867625
2147.11978055471,5.39009125
2147.15025906736,5.17475
2147.18073758001,5.41538375
2147.21121609265,4.218145
2147.2416946053,2.04140875
2147.27217311795,4.13458875
2147.3026516306,4.84404875
2147.33313014325,5.43200375
2147.3636086559,6.405575
2147.39408716855,6.68261875
2147.42456568119,6.88163125
2147.45504419384,6.68047625
2147.48552270649,6.99462625
2147.51600121914,7.39394
2147.54647973179,8.0535475
2147.57695824444,8.6179525
2147.60743675709,9.68493125
2147.63791526973,10.26812125
2147.66839378238,11.81437375
2147.69887229503,13.04110375
2147.72935080768,11.66246
2147.75982932033,12.8749025
2147.79030783298,13.3880225
2147.82078634563,13.1588075
2147.85126485828,8.32075875
2147.88174337092,8.6592425
2147.91222188357,8.18691375
2147.94270039622,8.35497875
2147.97317890887,8.1755525
2148.00365742152,8.3845475
2148.03413593417,9.0195775
2148.06461444682,8.93467875
2148.09509295946,8.21412
2148.12557147211,8.125685
2148.15604998476,7.5125425
2148.18652849741,6.8767125
2148.21700701006,6.31366625
2148.24748552271,6.53648
2148.27796403536,7.288635
2148.308442548,7.36528625
2148.33892106065,7.28497875
2148.3693995733,7.85896125
2148.39987808595,7.08695
2148.4303565986,8.05414625
2148.46083511125,7.845945
2148.4913136239,8.663615
2148.52179213654,8.49461375
2148.55227064919,8.34596125
2148.58274916184,6.9739675
2148.61322767449,6.682445
2148.64370618714,7.43048125
2148.67418469979,8.16065625
2148.70466321244,10.0820475
2148.73514172508,12.5131775
2148.76562023773,12.1789225
2148.79609875038,11.3981025
2148.82657726303,8.51062125
2148.85705577568,6.30900875
2148.88753428833,4.89419875
2148.91801280098,5.99614375
2148.94849131362,5.8049175
2148.97896982627,8.48148375
2149.00944833892,27.3935175
2149.03992685157,32.77446875
2149.07040536422,24.33271125
2149.10088387687,30.02276
2149.13136238952,26.12650875
2149.16184090216,12.13914
2149.19231941481,11.76621375
2149.22279792746,21.08380625
2149.25327644011,24.8271775
2149.28375495276,23.84748875
2149.31423346541,16.58867125
2149.34471197806,17.478925
2149.3751904907,20.17016625
2149.40566900335,21.11355125
2149.436147516,23.90358
2149.46662602865,18.874265
2149.4971045413,4.5143825
2149.52758305395,21.307455
2149.5580615666,41.1583925
2149.58854007924,47.204395
2149.61901859189,46.18897
2149.64949710454,46.2077625
2149.67997561719,46.6341725
2149.71045412984,48.38320125
2149.74093264249,46.65435375
2149.77141115514,45.1178675
2149.80188966778,38.37355375
2149.83236818043,7.91332
2149.86284669308,5.96555375
2149.89332520573,6.73025625
2149.92380371838,1.67733875
2149.95428223103,10.879415
2149.98476074368,7.44611
2150.01523925632,9.991065
2150.04571776897,8.5686975
2150.07619628162,4.36184
2150.10667479427,8.93212
2150.13715330692,14.8226875
2150.16763181957,16.75757625
2150.19811033222,11.2311775
2150.22858884486,3.4490875
2150.25906735751,7.84989125
2150.28954587016,14.4557125
2150.32002438281,4.5781225
2150.35050289546,5.15195875
2150.38098140811,18.05974125
2150.41145992076,42.3681325
2150.4419384334,46.82736875
2150.47241694605,48.81796875
2150.5028954587,48.98610375
2150.53337397135,48.971425
2150.563852484,48.80911
2150.59433099665,48.52543125
2150.6248095093,47.8638125
2150.65528802194,48.4442275
2150.68576653459,49.17733125
2150.71624504724,49.2226075
2150.74672355989,49.15195875
2150.77720207254,48.60148875
2150.80768058519,49.61344
2150.83815909784,49.66465
2150.86863761048,49.28980875
2150.89911612313,47.91082625
2150.92959463578,44.3620325
2150.96007314843,36.25049875
2150.99055166108,8.52868
2151.02103017373,40.77081625
2151.05150868638,47.79863
2151.08198719902,52.79602375
2151.11246571167,53.41813625
2151.14294422432,54.84539375
2151.17342273697,54.69739625
2151.20390124962,51.67072625
2151.23437976227,34.469145
2151.26485827492,16.34396875
2151.29533678756,26.984335
2151.32581530021,46.97023875
2151.35629381286,44.2159675
2151.38677232551,32.77725875
2151.41725083816,52.678195
2151.44772935081,54.28431125
2151.47820786346,54.7053975
2151.50868637611,54.36125125
2151.53916488875,52.40857875
2151.5696434014,36.71887125
2151.60012191405,14.97462875
2151.6306004267,41.20348625
2151.66107893935,49.40391625
2151.691557452,49.29890375
2151.72203596465,34.459085
2151.75251447729,39.53489
2151.78299298994,31.1085475
2151.81347150259,44.94430625
2151.84395001524,58.298905
2151.87442852789,57.55724375
2151.90490704054,58.955005
2151.93538555319,61.37125
2151.96586406583,61.9779025
2151.99634257848,62.28778375
2152.02682109113,62.244285
2152.05729960378,62.36469125
2152.08777811643,61.32647875
2152.11825662908,62.04062
2152.14873514173,62.02035875
2152.17921365437,62.06151125
2152.20969216702,62.05974125
2152.24017067967,61.319115
2152.27064919232,60.8990125
2152.30112770497,61.689795
2152.33160621762,61.20639375
2152.36208473027,61.23245625
2152.39256324291,61.72605125
2152.42304175556,61.49710375
2152.45352026821,60.7348225
2152.48399878086,60.23052125
2152.51447729351,60.3434625
2152.54495580616,57.91537
2152.57543431881,36.20569
2152.60591283145,29.42131875
2152.6363913441,52.7458375
2152.66686985675,61.0005325
2152.6973483694,62.64068625
2152.72782688205,63.42518125
2152.7583053947,64.02294125
2152.78878390735,64.09982125
2152.81926241999,65.243845
2152.84974093264,65.53796375
2152.88021944529,65.3997875
2152.91069795794,65.5536125
2152.94117647059,65.4280675
2152.97165498324,64.8890725
2153.00213349589,64.284775
2153.03261200853,64.33676125
2153.06309052118,63.5051825
2153.09356903383,62.05983125
2153.12404754648,62.8819775
2153.15452605913,62.43609125
2153.18500457178,62.051965
2153.21548308443,59.4183625
2153.24596159707,32.94905875
2153.27644010972,43.3239825
2153.30691862237,57.7478475
2153.33739713502,60.15741625
2153.36787564767,51.50263125
2153.39835416032,39.8232075
2153.42883267297,8.90769625
2153.45931118561,8.2820825
2153.48978969826,52.2851025
2153.52026821091,64.62802875
2153.55074672356,67.96560875
2153.58122523621,68.739305
2153.61170374886,69.48669
2153.64218226151,69.64006375
2153.67266077415,70.247495
2153.7031392868,70.50826375
2153.73361779945,70.855135
2153.7640963121,70.95631375
2153.79457482475,70.91131875
2153.8250533374,70.826595
2153.85553185005,70.78736
2153.88601036269,70.80330125
2153.91648887534,71.24601
2153.94696738799,70.16069625
2153.97744590064,64.6143525
2154.00792441329,34.0740325
2154.03840292594,34.99314125
2154.06888143859,61.5648075
2154.09935995123,66.06572875
2154.12983846388,64.66017625
2154.16031697653,58.33107
2154.19079548918,40.19039125
2154.22127400183,69.53397625
2154.25175251448,71.9008925
2154.28223102713,70.6147075
2154.31270953977,69.70199125
2154.34318805242,67.92832375
2154.37366656507,59.70795
2154.40414507772,25.49083875
2154.43462359037,29.0353375
2154.46510210302,65.281665
2154.49558061567,64.52163
2154.52605912831,50.08430625
2154.55653764096,32.944965
2154.58701615361,38.302625
2154.61749466626,8.46044125
2154.64797317891,26.2461
2154.67845169156,62.7827725
2154.70893020421,66.76831875
2154.73940871685,67.05122875
2154.7698872295,71.74009875
2154.80036574215,71.67304
2154.8308442548,72.3066275
2154.86132276745,63.1604775
2154.8918012801,56.6713125
2154.92227979275,69.34977625
2154.95275830539,72.83941
2154.98323681804,73.09614625
2155.01371533069,73.7417875
2155.04419384334,73.27389
2155.07467235599,71.59517
2155.10515086864,70.8464525
2155.13562938129,70.79464125
2155.16610789393,69.07966375
2155.19658640658,62.05657875
2155.22706491923,52.77043125
2155.25754343188,68.139595
2155.28802194453,68.1811575
2155.31850045718,70.43818625
2155.34897896983,70.947285
2155.37945748247,70.85491875
2155.40993599512,69.0230775
2155.44041450777,65.7631275
2155.47089302042,67.53499125
2155.50137153307,59.95265375
2155.53185004572,28.09139375
2155.56232855837,14.57890375
2155.59280707101,32.84978375
2155.62328558366,50.29496875
2155.65376409631,48.14420375
2155.68424260896,26.68736375
2155.71472112161,30.7913475
2155.74519963426,24.06638875
2155.77567814691,10.73470875
2155.80615665955,34.81884125
2155.8366351722,45.814965
2155.86711368485,47.558095
2155.8975921975,41.35137125
2155.92807071015,14.5960325
2155.9585492228,52.1628125
2155.98902773545,55.8344925
2156.0195062481,52.64104375
2156.04998476074,42.718575
2156.08046327339,45.0300475
2156.11094178604,41.54142375
2156.14142029869,41.8373025
2156.17189881134,11.662225
2156.20237732399,51.89139875
2156.23285583664,60.8510375
2156.26333434928,63.26449
2156.29381286193,61.418845
2156.32429137458,53.7154725
2156.35476988723,26.2751075
2156.38524839988,48.7026525
2156.41572691253,62.00087625
2156.44620542518,67.4435575
2156.47668393782,69.78255375
2156.50716245047,71.19632125
2156.53764096312,71.805785
2156.56811947577,70.88857875
2156.59859798842,69.073125
2156.62907650107,65.75333
2156.65955501372,54.67673375
2156.69003352636,25.1911525
2156.72051203901,63.322405
2156.75099055166,65.908185
2156.78146906431,70.47279125
2156.81194757696,70.98740875
2156.84242608961,70.66709375
2156.87290460226,70.89589
2156.9033831149,69.84009125
2156.93386162755,69.14731
2156.9643401402,68.09839125
2156.99481865285,64.07239625
2157.0252971655,64.744065
2157.05577567815,60.92251
2157.0862541908,43.86767125
2157.11673270344,58.22911875
2157.14721121609,63.9142825
2157.17768972874,63.7669625
2157.20816824139,63.43576
2157.23864675404,62.8364
2157.26912526669,59.03224625
2157.29960377934,57.89706
2157.33008229198,55.67236
2157.36056080463,55.56042875
2157.39103931728,51.53236875
2157.42151782993,44.76123875
2157.45199634258,32.4003675
2157.48247485523,37.7476575
2157.51295336788,42.36570625
2157.54343188052,42.95300625
2157.57391039317,40.0080425
2157.60438890582,33.08791125
2157.63486741847,18.7444825
