depth,magsus,reflec,d13C_VPDB,comment
-362,NA,NA,1.5726092,NA
-349.5,NA,NA,1.6927980000000034,NA
-338,NA,NA,1.3828519999999997,NA
-326,NA,NA,1.406556000000002,NA
-316.5,NA,NA,0.8845326,NA
-306.5,NA,NA,1.9648884000000066,NA
-296.5,NA,NA,1.5104248000000027,NA
-287.5,NA,NA,1.2280736000000019,NA
-277,NA,NA,1.5799511999999964,NA
-266.5,NA,NA,1.8808508000000046,NA
-255,NA,NA,1.4232635999999985,NA
-243.5,NA,NA,1.7305382000000051,NA
-232.5,NA,NA,1.214101399999997,NA
-219,NA,NA,1.0927489999999977,NA
-203,NA,NA,1.257829000000001,NA
-189.5,NA,NA,0.8064699999999974,NA
-178.5,NA,NA,1.649768200000004,NA
-164,NA,NA,1.4552245,NA
-140,NA,NA,0.4821085000000025,NA
-119.5,NA,NA,0.9739280000000079,NA
-103,NA,NA,1.3033145000000061,NA
-75,NA,NA,1.2279377999999994,NA
-50.5,NA,NA,1.0485588000000021,NA
-36,NA,NA,1.030376799999999,NA
-25,NA,NA,0.6205082000000033,NA
-7.5,NA,NA,0.5227596000000005,NA
4.875,8.3,54.2223,NA,NA
14.625,8.9,54.2626,1.1878377000000029,NA
24.375,9.5,52.661,NA,NA
34.125,5.2,57.3688,NA,NA
44.75,9,48.168425,1.2163548000000048,NA
56.25,13.6,48.14035,NA,NA
70.5,11.2,46.556925,NA,NA
83.333,9.2,46.464533,1.0034885000000031,NA
92,7.5,49.6453,NA,NA
100.667,12.4,46.32305,NA,NA
111.25,13.3,50.58,0.7768786999999975,NA
123.75,13.9,47.2247,NA,NA
136.333,13.3,48.60455,NA,NA
149,14.9,40.51765,NA,NA
161.667,13.5,44.01695,1.0138306000000057,NA
175.25,11,45.934725,NA,NA
189.25,7.6,48.4486,NA,NA
198.25,12.9,51.111083,0.9318370000000016,NA
204.75,16.5,46.5684,NA,NA
219,12.2,50.19595,NA,NA
236.167,8.2,40.705414,NA,NA
248.5,18.1,50.57085,0.7411190941872429,NA
260.833,15.2,47.28695,NA,NA
281,8.7,45.99375,NA,NA
291.627,15.4,41.538275,NA,NA
302.253,15.9,43.2178,1.1955651999999972,NA
312.88,12.5,43.061575,NA,NA
323.507,17.5,47.2106,NA,NA
334.133,15.2,49.18805,NA,NA
344.76,12.3,46.45675,NA,NA
355.387,16.2,44.47275,0.7580066000000016,NA
366.013,14.5,46.47835,NA,NA
376.64,11.4,41.53775,NA,NA
387.267,11.8,45.6153,NA,NA
397.893,12.6,42.16745,NA,NA
408.52,13.2,43.02635,0.7355541000000017,NA
419.147,13,43.9571,NA,NA
429.773,16.3,43.11125,NA,NA
440.4,17.3,45.1017,NA,NA
451.027,15.7,42.336075,0.7728770000000011,NA
461.653,13.7,43.9083,NA,NA
472.28,11.6,40.65045,NA,NA
482.907,15.7,44.384,NA,NA
493.533,9.9,45.41345,NA,NA
504.16,10.1,44.7106,1.0730186000000046,NA
514.787,16.2,52.4418,NA,NA
525.413,16.2,46.5493,NA,NA
536.04,11.6,45.44505,NA,NA
546.667,14.1,49.93655,NA,NA
557.293,13.9,44.83815,0.861990456429492,NA
567.92,13.6,46.0313,NA,NA
578.547,8.6,47.0619,-1.6626549844458047,outlier
589.173,17.5,48.6549,NA,NA
600.75,13.8,46.7967,1.3927942000000044,NA
612.25,12.8,50.54665,NA,NA
623.583,12.5,45.32215,NA,NA
634.75,16.2,45.13905,NA,NA
645.917,17.8,40.3451,NA,NA
657.083,16.9,45.1906,0.8090612999999962,NA
668.25,18.5,43.281,NA,NA
679.417,17.1,46.65425,NA,NA
690.25,15.6,46.52605,NA,NA
700.75,18.2,46.74155,NA,NA
710,19.8,47.649,1.3732835000000065,NA
718,15.4,48.19595,NA,NA
728.3,13.2,46.90015,NA,NA
740.9,12.3,41.39005,NA,NA
753.5,11.9,49.90615,0.38860411853372795,NA
766.1,12.6,42.1334,NA,NA
778.7,14.2,46.5933,NA,NA
790.25,11.9,50.5793,1.485396299999998,NA
800.75,11,43.86135,NA,NA
812.5,16.7,47.77375,NA,NA
825.5,16.9,45.2497,NA,NA
838.5,14.4,47.7596,0.7375360000000057,NA
851.5,14.1,47.93965,NA,NA
864.5,14.2,51.4383,NA,NA
880,11.1,46.6116,1.2533651000000035,NA
890,18,51.4375,NA,NA
902.375,12,47.25225,NA,NA
917.125,11.7,45.33545,1.0385771000000048,NA
931.875,14.1,44.28675,NA,NA
946.625,10.8,45.8388,NA,NA
961,14.8,47.9626,1.337827500000003,NA
975.375,12,46.134533,NA,NA
990.125,14.5,46.61804,1.3484516000000042,NA
1004.875,16.8,42.657375,NA,NA
1019.625,11.4,43.2579,NA,NA
1029.333,10.6,50.14885,NA,NA
1034,8.2,45.41525,0.20365708901888743,NA
1038.667,11.8,45.963,NA,NA
1042.833,8.3,41.2199,NA,NA
1046.5,11,47.6698,0.6302600000000069,NA
1050.167,10.7,47.7057,NA,NA
1054.333,12.3,44.1006,NA,NA
1059,12.4,47.849175,1.658113500000006,NA
1063.667,13.2,43.8132,NA,NA
1068,12.1,41.0777,NA,NA
1072,10,43.89455,1.542961400000003,NA
1076,10,45.6079,NA,NA
1083,10.3,51.64832,1.4984791000000044,NA
1093,13.3,47.488675,NA,NA
1103,10.7,51.248417,1.572181399999998,NA
1113,9.8,45.702025,NA,NA
1123,10.8,43.810175,NA,NA
1131.75,10.4,48.90595,1.4740760000000037,NA
1139.25,13.4,47.39515,NA,NA
1148.5,12.8,49.71845,NA,NA
1159.5,13.5,48.8746,NA,NA
1170.5,11.8,47.5305,1.3545421999999974,NA
1181.5,13,51.2651,NA,NA
1192.5,12.7,47.49235,NA,NA
1200.5,7.6,NA,1.556971400000002,NA
1205.5,7.7,45.2565,NA,NA
1214,11.7,49.85215,NA,NA
1226,11.8,47.45845,NA,NA
1238,12.5,49.1843,1.4033294999999981,NA
1250,9.4,47.5723,NA,NA
1262,8,51.97575,NA,NA
1271,11.6,50.21585,1.5468647000000004,NA
1277,8.1,49.1738,NA,NA
1287.25,9,51.16085,NA,NA
1301.75,10,48.6093,1.4146465999999975,NA
1316.25,10.2,45.49795,NA,NA
1330.75,12.5,50.7841,NA,NA
1343.75,8.2,49.29305,1.7110721000000026,NA
1355.25,12.1,49.7825,NA,NA
1365.625,10.2,47.6913,NA,NA
1374.875,9.1,48.98135,1.5921057999999988,NA
1384.125,11.4,49.867375,NA,NA
1393.375,10.6,47.23715,NA,NA
1402.5,9.6,47.09625,1.3623563000000019,NA
1411.5,8.5,48.92195,NA,NA
1420.9,10.7,52.88235,NA,NA
1430.7,10.5,46.84805,NA,NA
1440.5,8.7,47.72255,1.3786611000000022,NA
1450.3,14.4,48.3918,NA,NA
1460.1,10.4,47.12385,NA,NA
1469.5,10.8,45.20325,1.3887943000000007,NA
1478.5,8.2,46.484,NA,NA
1488,11.8,48.047067,NA,NA
1498,12.1,48.43605,NA,NA
1508,12.2,49.69055,1.4427879000000061,NA
1518,13.9,47.5543,NA,NA
1528,9.9,48.27845,NA,NA
1538,7.3,47.0005,1.4942267000000058,NA
1548,7.5,42.88405,NA,NA
1558,7.1,50.5372,NA,NA
1568,9,46.6483,1.1657856000000066,NA
1578,10.2,53.7903,NA,NA
1587.143,8.9,45.2812,NA,NA
1595.429,6.8,45.0389,0.9921615999999958,NA
1603.714,10.3,52.5205,NA,NA
1612,9.3,47.9074,NA,NA
1620.286,8.4,53.7195,1.349473500000002,NA
1628.571,10.3,53.6642,NA,NA
1636.857,11.9,50.4582,NA,NA
1646.5,8.1,46.6069,0.8791196000000028,NA
1657.5,9.8,52.9044,NA,NA
1668.5,9.4,51.4756,NA,NA
1679.5,11.4,50.2743,NA,NA
1690.5,13.6,46.4251,1.3254875000000013,NA
1701.5,10.1,49.5655,NA,NA
1712.5,11.1,53.9159,NA,NA
1723.5,9.4,51.7899,NA,NA
1734.313,11.8,50.9397,NA,NA
1744.938,11.6,51.3174,1.1016888999999992,NA
1755.563,10.3,49.5807,NA,NA
1766.188,6.8,54.3958,NA,NA
1776.813,9.2,51.3337,NA,NA
1787.438,12.1,48.9636,0.7935808329999978,NA
1798.063,10.8,49.6697,NA,NA
1808.688,11.4,46.0784,NA,NA
1820.563,7.1,49.194,NA,NA
1833.688,10,54.3562,0.8779871999999997,NA
1846.813,9,48.9993,NA,NA
1859.938,8.2,48.8565,NA,NA
1873.063,11.4,44.3794,NA,NA
1886.188,9.6,44.8025,0.7775439000000048,NA
1899.313,8.3,46.2668,NA,NA
1912.438,12.5,51.4303,NA,NA
1923,10.6,50.7846,NA,NA
1931,10.4,54.7082,NA,NA
1939,7.5,48.4994,0.9554999460711807,NA
1947,7.9,52.9447,NA,NA
1955,9.4,50.3603,NA,NA
1969.625,11.9,49.2673,NA,NA
1980.875,12.3,46.3736,1.2293480000000017,NA
1992.125,13,46.822,NA,NA
2003.375,11,47.72,NA,NA
2014.278,13.5,46.3533,NA,NA
2024.833,11.2,53.4061,1.1592299000000068,NA
2035.389,8,44.2475,NA,NA
2045.944,8.6,46.3918,NA,NA
2056.5,13.5,48.4683,NA,NA
2067.056,13.3,44.3515,1.0253802000000007,NA
2077.611,13.2,45.667,NA,NA
2088.167,13.9,50.8454,NA,NA
2098.722,14.3,48.0694,NA,NA
2109.35,7,54.0293,NA,NA
2120.05,14.1,51.0327,0.8304994000000079,NA
2130.75,12.7,49.0206,NA,NA
2141.45,11.9,46.933,NA,NA
2152.15,12.6,47.0003,NA,NA
2162.85,13.9,49.6566,NA,NA
2173.55,15.6,47.3243,1.3127052999999975,NA
2184.25,17.4,44.1345,NA,NA
2194.95,12.7,41.6237,NA,NA
2205.65,12.9,47.8808,NA,NA
2216.833,14.5,48.9484,NA,NA
2228.5,16.4,50.3845,0.646749800000002,NA
2240.167,12.8,48.4161,NA,NA
2251.833,14.8,49.4472,NA,NA
2263.5,12.1,45.4031,NA,NA
2275.167,11.8,44.063,0.7475524999999976,NA
2286.833,10.8,51.461,NA,NA
2298.5,11.1,52.6217,NA,NA
2310.167,14.1,48.4185,NA,NA
2320.125,12,48.7167,NA,NA
2328.375,11.3,47.4562,1.2803360999999995,NA
2336.625,14.6,51.2346,NA,NA
2344.875,16.4,43.4715,NA,NA
2353.125,16.5,52.6248,NA,NA
2361.375,8.9,40.8978,0.9909176000000031,NA
2369.625,16,42.7521,NA,NA
2377.875,13.3,45.6002,NA,NA
2386.389,11.7,49.2548,0.9973031999999975,NA
2395.167,9.9,47.9872,NA,NA
2403.944,12.5,51.1083,NA,NA
2412.722,15,46.1751,NA,NA
2421.5,11.8,44.5265,NA,NA
2430.278,12.7,49.4477,1.0896167000000005,NA
2439.056,14.3,48.1467,NA,NA
2447.833,13,46.8286,NA,NA
2456.611,15.3,46.0467,NA,NA
2466.375,10.6,51.1815,NA,NA
2477.125,12.1,49.1942,1.0313184000000035,NA
2487.875,10.6,51.4621,NA,NA
2498.625,12.3,49.7481,NA,NA
2509.375,10.8,46.734,NA,NA
2520.125,9,47.6208,1.384004400000002,NA
2530.875,11.5,48.8783,NA,NA
2541.625,12.2,49.4894,NA,NA
2550.125,10.5,47.3181,NA,NA
2556.375,7.2,52.1894,1.2671790000000058,NA
2562.625,8,52.6576,NA,NA
2568.875,8.3,42.1452,NA,NA
2579.5,12.7,49.27295,NA,NA
2594.5,13.3,46.9776,1.5162190861090146,NA
2609.5,13.4,46.1792,NA,NA
2624.5,14.2,48.51455,NA,NA
2636,13.5,52.7139,NA,NA
2644,11.6,47.28625,1.5710346000000044,NA
2652,9.4,51.8772,NA,NA
2663.875,11.4,49.77375,NA,NA
2679.625,12.4,46.3957,1.381859200000001,NA
2695.375,19.7,50.51685,NA,NA
2711.125,8.7,57.17805,NA,NA
2731.75,6.6,50.38875,1.7322526999999965,NA
2741.25,11,54.76025,NA,NA
2752.25,15.1,50.8344,NA,NA
2764.75,16.4,52.28015,1.493056100000004,NA
2777.25,12.3,46.58715,NA,NA
2789.75,11.1,46.9016,NA,NA
2800.75,9.7,46.61645,1.4471868000000043,NA
2810.25,13.6,48.8188,NA,NA
2820.5,16.1,46.4887,NA,NA
2831.5,13.4,48.1375,1.5616113000000027,NA
2842.5,12.1,49.1772,NA,NA
2851.833,17,50.034633,NA,NA
2859.5,8.3,47.6685,1.6448263999999995,NA
2867.167,12.2,49.68435,NA,NA
2879.75,12.9,47.9134,NA,NA
2897.25,14.8,48.9562,1.3540256,NA
2917,17.7,45.25395,NA,NA
2930,11.6,47.5365,1.7719334000000018,NA
2940,12.7,46.34845,NA,NA
2951,14.4,45.14995,NA,NA
2963,9.8,46.29455,1.5057309999999973,NA
2975,10.5,43.63105,NA,NA
2987,14.3,46.8735,NA,NA
3000.5,13.7,44.6987,1.705968800000008,NA
3015.5,10.4,48.03335,NA,NA
3029.625,15,46.3625,NA,NA
3042.875,14.4,49.47055,1.5335328000000032,NA
3056.125,16,42.9016,NA,NA
3069.375,10.7,46.54735,NA,NA
3081.25,11.4,48.9467,1.7100223000000057,NA
3091.75,13.5,46.16355,NA,NA
3104.625,11.9,49.24105,NA,NA
3119.875,12,48.26845,1.7417142108046235,NA
3135.125,10.4,50.08555,NA,NA
3150.375,10.6,47.276,NA,NA
3163.5,9.8,49.9587,1.6588163999999992,NA
3174.5,10,52.4283,NA,NA
3184.833,12,42.68825,NA,NA
3194.5,10.1,47.84455,1.751554662683624,NA
3204.167,15.1,49.29,NA,NA
3219,10.9,47.9255,NA,NA
3233.5,6.9,55.7313,1.7463027494753867,NA
3252.5,10.1,47.25175,NA,NA
3267.375,8.8,48.22235,NA,NA
3278.125,10.7,47.6831,1.6607466189422837,NA
3288.875,13.2,43.56105,NA,NA
3299.625,11.8,41.763,NA,NA
3310,10.4,46.9844,NA,NA
3320,10.6,45.6255,1.8468214000000032,NA
3330,14.6,39.39315,NA,NA
3342.375,13.9,44.231467,NA,NA
3357.125,14,44.83085,1.248168284642361,NA
3371.875,15.7,45.0293,NA,NA
3386.625,14.8,42.57485,NA,NA
3398.5,11.6,47.8297,NA,NA
3407.5,11.7,43.0102,1.7572163047320792,NA
3416.5,14.7,44.555,NA,NA
3428.5,15.9,45.14265,NA,NA
3443.5,18.1,44.82045,1.2743155000000002,NA
3458.5,17,45.3531,NA,NA
3473.5,13.6,46.2992,NA,NA
3484.833,11.5,49.56575,NA,NA
3492.5,10.6,37.552567,1.5240895999999964,NA
3500.167,12.4,46.2168,NA,NA
3512.5,13.9,45.35225,NA,NA
3529.5,17.4,44.45895,1.281971257605953,NA
3546.5,15,42.7613,NA,NA
3563.5,16.7,47.06545,NA,NA
3578,11.8,46.51145,NA,NA
3590,10.2,39.7759,1.4498949000000039,NA
3602,16.9,42.85692,NA,NA
3614.9,17.9,42.850725,NA,NA
3628.7,15,41.612575,NA,NA
3642.5,14.6,46.2547,1.458675300000003,NA
3656.3,17.2,42.64385,NA,NA
3670.1,11.9,44.44395,NA,NA
3683.75,14.1,47.57405,1.1480274000000037,NA
3697.25,14.1,46.0852,NA,NA
3710.1,19.2,43.7409,NA,NA
3722.3,21,42.916225,NA,NA
3734.5,21.9,44.48535,1.2609471181045322,NA
3746.7,16,48.570067,NA,NA
3758.9,16.1,46.22835,NA,NA
3769.333,17.9,47.36115,NA,NA
3778,14.3,48.3842,1.5846341000000024,NA
3786.667,15.5,46.3087,NA,NA
3798.4,15.9,45.506825,NA,NA
3813.2,18.5,45.1837,NA,NA
3828,15.7,44.5301,0.7296497501669515,NA
3842.8,9.1,45.977725,NA,NA
3857.6,15,46.6929,NA,NA
3870,17.7,45.00875,NA,NA
3880,11.5,42.092925,1.6075552000000002,NA
3890,14.6,47.765325,NA,NA
3901.5,16.2,46.03275,NA,NA
3914.5,16.6,47.9638,NA,NA
3927.5,16.3,48.54372,0.9889576506202999,NA
3940.5,20,44.12308,NA,NA
3953.5,11.4,42.77835,NA,NA
3962.5,11.5,46.374075,NA,NA
3971.5,16.6,41.394267,1.4807905000000048,NA
3986,16.4,40.74305,NA,NA
4002,20.3,45.1398,1.1193178999999986,NA
4018,8.8,49.63944,NA,NA
4034,13.5,43.954975,NA,NA
4045.833,11.1,48.3697,NA,NA
4053.5,8.1,47.46895,1.7109306188020028,NA
4061.167,9,47.744,NA,NA
4071.875,11.9,51.02035,NA,NA
4085.625,8.6,46.4034,1.6457180323656502,NA
4099.375,10.4,47.49766,NA,NA
4113.125,14.7,44.88755,NA,NA
4125,10.5,47.94216,1.6018404711446692,NA
4135,10.7,46.844733,NA,NA
4142.667,13.7,45.0202,NA,NA
4148,14.6,45.876425,1.650448825679625,NA
4153.333,11.5,47.860333,NA,NA
4159,9.4,45.30304,1.3369088005473238,NA
4165,9,42.6027,NA,NA
4174.5,9.2,48.79365,NA,NA
4187.5,13,45.1959,NA,NA
4200.5,9.5,47.90505,1.4887361753379835,NA
4213.5,11.7,50.68765,NA,NA
4228,11.6,47.42725,NA,NA
4241,10.5,51.2454,1.5107616811842455,NA
4257,8.1,50.63365,NA,NA
4271.25,10.4,46.19685,NA,NA
4283.75,13.1,44.92085,1.3921358036628142,NA
4296.25,12.4,52.5232,NA,NA
4308.75,18.3,47.399475,NA,NA
4318.667,7.9,51.25085,NA,NA
4326,14.2,45.3319,1.6131915412344746,NA
4333.333,10.9,45.7477,NA,NA
4343.25,14.9,51.30805,NA,NA
4355.75,10.6,47.969,1.6812842466046938,NA
4368.25,17,48.35765,NA,NA
4380.75,9.2,42.06485,NA,NA
4391,7.8,48.22985,NA,NA
4399,8.4,52.681,1.7841808000000015,NA
4407,12.8,47.5525,NA,NA
4417.625,14.1,44.4567,NA,NA
4430.875,11.7,40.9935,1.6970734000000007,NA
4444.125,12.9,45.1989,NA,NA
4457.375,17.1,47.0945,NA,NA
4469.333,12,49.7988,NA,NA
4480,11.6,49.3526,1.3693472,NA
4490.667,12.5,48.1307,NA,NA
4500.125,12.4,49.10545,NA,NA
4508.375,11.9,48.81245,1.544954764223199,NA
4516.625,16,48.09795,NA,NA
4524.875,10.9,48.7788,NA,NA
4537.25,8.9,50.9441,1.8886511242696713,NA
4553.75,11.5,48.85155,NA,NA
4567,14,47.7605,NA,NA
4577,12.1,49.3605,NA,NA
4587,15,44.66925,1.578072000000006,NA
4594.5,18.5,47.97045,NA,NA
4599.5,13.6,47.96985,NA,NA
4604.5,12.4,52.52265,1.8530677373459312,NA
4609.5,12,44.24405,NA,NA
4616,9.2,46.6463,NA,NA
4624,15.1,45.98485,NA,NA
4632,19.6,47.74965,1.6671297342931055,NA
4640,14.8,47.3188,NA,NA
4648,14.8,45.2985,NA,NA
4657,9.5,52.4161,1.711987200000003,NA
4666,15.1,47.2586,NA,NA
4674,15.8,48.51645,NA,NA
4682,19.5,47.876325,1.4826896000000005,NA
4690,11.7,48.3233,NA,NA
4698,12.7,47.558825,NA,NA
4704.5,10.9,45.77305,1.3285583999999986,NA
4712,15,49.31365,NA,NA
4722,14.4,43.192475,1.6353053469147163,NA
4732,15.8,48.672,NA,NA
4742,14.2,48.0355,NA,NA
4757.573,12.6,52.6384,NA,NA
4769.24,13,46.358,1.0103504900681344,NA
4780.906,11.3,51.191075,NA,NA
4787,14.9,47.264875,NA,NA
4797,14.1,49.9526,1.5441413684579821,NA
4807,21,45.65315,NA,NA
4817,16.3,44.372425,NA,NA
4827.333,13.6,48.11445,NA,NA
4838,13.9,46.814225,1.629228800000007,NA
4848.667,11.7,45.3322,NA,NA
4858.625,14.8,45.5821,NA,NA
4867.875,18,46.672,1.4962593000000055,NA
4877.125,15.3,49.0406,NA,NA
4886.375,14.5,49.678,NA,NA
4897,11.8,48.078225,NA,NA
4909,8.1,52.50255,1.4571216000000007,NA
4921,11.8,50.1163,NA,NA
4932.5,16.1,46.6533,NA,NA
4943.5,18.2,47.2299,NA,NA
4954.5,17.2,46.57835,1.3659391999999997,NA
4965.5,13.5,44.641,NA,NA
4976.5,19.5,46.906,NA,NA
4986.167,16.2,51.77685,NA,NA
4994.5,11.4,52.5596,1.7289008000000052,NA
5002.833,15.2,45.2467,NA,NA
5011.125,13.5,48.3399,NA,NA
5019.375,18.3,48.6141,1.5346072054512447,NA
5027.625,14,46.31735,NA,NA
5035.875,15.6,51.17985,NA,NA
5044.333,14.6,47.06285,NA,NA
5053,12.9,50.9154,1.455036800000002,NA
5061.667,14.4,50.36245,NA,NA
5070.375,12.3,50.15325,NA,NA
5079.125,17,46.2036,1.3865392986753484,NA
5087.875,14.4,42.6927,NA,NA
5096.625,13.9,50.2802,NA,NA
5109.333,18.9,48.4832,NA,NA
5126,15.1,49.8007,1.6585253064581202,NA
5142.667,12.8,47.1734,NA,NA
5155.833,16,50.618,NA,NA
5165.5,15.8,48.7797,NA,NA
5175.167,12.4,45.2769,NA,NA
5199.5,16.8,47.12585,1.1100573000000011,NA
5218.5,12.6,47.33525,NA,NA
5237.5,17.9,47.941925,NA,NA
5254.5,16.1,47.3248,1.3966336000000013,NA
5269.5,16.5,43.34935,NA,NA
5282.5,16,44.563425,NA,NA
5293.5,20.6,42.361,NA,NA
5304.5,16.2,44.7397,0.7090265237090847,NA
5315.5,15.1,47.20935,NA,NA
5326.5,17.9,44.03435,NA,NA
5341.25,15.7,44.6156,1.419862924985205,NA
5359.75,17.7,42.6057,NA,NA
5372.2,13.6,45.4574,NA,NA
5378.6,18.5,44.71005,NA,NA
5385,20.8,44.99215,0.7895393191826123,NA
5391.4,15.6,42.687325,NA,NA
5397.8,17.5,46.048525,NA,NA
5410,17.2,46.329525,NA,NA
5425.5,12.9,46.88625,1.642826860023014,NA
5440.5,16.1,44.17065,NA,NA
5453,15.4,47.0615,NA,NA
5462,15.9,41.3776,NA,NA
5470,17.5,45.844075,0.9002880571520482,NA
5477.167,19.9,43.07515,NA,NA
5483.5,15.9,47.75295,NA,NA
5489.833,7.9,48.3378,NA,NA
5500,11.1,48.67625,NA,NA
5514,15.7,44.92055,1.481825124290907,NA
5528,13.1,44.98895,NA,NA
5540.429,11.3,48.2069,NA,NA
5551.286,17,45.752,NA,NA
5562.143,17.1,45.397,NA,NA
5573,18.5,44.86435,0.9815784696148864,NA
5583.857,17.5,43.5281,NA,NA
5594.714,16.7,46.28675,NA,NA
5605.571,15.5,49.25285,NA,NA
5620.667,16.2,48.5543,NA,NA
5640,17.3,51.6281,1.6297573771967446,NA
5659.333,11.9,44.39895,NA,NA
5674,19.3,45.69495,NA,NA
5684,19.1,51.3457,NA,NA
5694,17.5,47.3982,NA,NA
5704,18.7,46.9063,1.2805339398268494,NA
5714,18.3,44.53645,NA,NA
5724,19.4,48.4007,NA,NA
5734,14.9,43.94305,NA,NA
5742,16.9,43.51115,NA,NA
5748,15.1,48.50525,1.5932690129193396,NA
5754,12.8,46.61275,NA,NA
5764,17.9,43.69345,NA,NA
5778,14.1,40.6466,NA,NA
5792,14.9,45.17745,0.4786284459337722,NA
5806,16.2,45.2685,NA,NA
5820,11.9,41.961433,NA,NA
5832.75,11.7,46.7198,1.6699478531165806,NA
5844.25,11.3,47.66775,NA,NA
5853.2,10.9,50.3877,NA,NA
5859.6,13.1,42.45995,NA,NA
5866,12.1,47.08195,1.524599912780399,NA
5872.4,11.2,48.9352,NA,NA
5878.8,7.5,49.5406,NA,NA
5887.625,4,50.5461,NA,NA
5898.875,6.8,52.563,1.3073207528916164,NA
5910.125,7.3,57.20365,NA,NA
5921.375,5.5,59.4398,NA,NA
5934.333,6,54.76365,NA,NA
5949,5.7,51.5784,0.17891685251791928,outlier
5963.667,5.3,51.5562,NA,NA
5978.5,6.3,51.5806,NA,NA
5993.5,6.1,54.8196,1.6621047441950925,NA
6008.5,5.4,54.28375,NA,NA
6023,8.4,54.4725,NA,NA
6037,10,48.2721,NA,NA
6051,10.3,52.5273,1.6249777618572772,NA
6065,10.3,50.19525,NA,NA
6079,5.6,49.8584,NA,NA
6092.875,6.7,52.443600000000004,1.839014972416038,NA
6106.625,7.3,53.1995,1.7272652848640693,NA
6120.375,7.3,46.9747,NA,NA
6134.125,4.4,54.25215,1.631252173951335,NA
6148.5,8.3,51.6763,NA,NA
6163.5,10,55.93335,1.6580146000000013,NA
6178.5,7.4,55.0001,NA,NA
6193.5,10.2,50.53055,NA,NA
6205.167,8.2,55.9578,NA,NA
6213.5,8.3,51.19925,1.664923199999997,NA
6221.833,9.2,46.0781,NA,NA
6231.625,7.5,56.3496,NA,NA
6242.875,9,47.8165,1.7570448000000027,NA
6254.125,10.1,52.57155,NA,NA
6265.375,9.3,55.6098,NA,NA
6276.333,6.8,53.3287,NA,NA
6287,8.3,54.74555,1.790608000000006,NA
6297.667,9.1,49.50805,NA,NA
6308.5,9.6,52.03225,NA,NA
6319.5,9.5,53.6023,1.608137400000004,NA
6330.5,6.3,53.616,NA,NA
6341.5,11.8,48.85175,NA,NA
6351.167,7.4,57.06425,NA,NA
6359.5,8.2,55.1178,1.8477728000000013,NA
6367.833,9.8,50.05775,NA,NA
6377.4,8.6,51.3937,NA,NA
6388.2,8.7,49.00695,NA,NA
6399,6.3,52.20375,1.5702826000000059,NA
6409.8,13.4,50.2844,NA,NA
6420.6,5.7,51.1412,NA,NA
6430.167,9,53.7734,NA,NA
6438.5,5.4,48.062567,1.6727975000000015,NA
6446.833,9,45.3636,NA,NA
6456.4,11.9,46.0351,NA,NA
6467.2,12,44.0782,NA,NA
6478,16.1,47.1443,1.5688784000000027,NA
6488.8,13.5,49.73955,NA,NA
6499.6,6.4,55.39965,NA,NA
6509.167,8.6,51.24685,NA,NA
6517.5,4.5,46.90325,1.778614399999995,NA
6525.833,8.1,50.5048,NA,NA
6533.8,9.1,46.080767,NA,NA
6541.4,9,51.01305,NA,NA
6549,14.7,47.87555,1.5513936000000044,NA
6556.6,12.8,44.77205,NA,NA
6564.2,9.3,48.31245,NA,NA
6573.167,6.9,52.8156,NA,NA
6583.5,7.3,50.52885,1.9003039999999984,NA
6593.833,7.8,45.168,NA,NA
6603.875,11.9,52.27515,NA,NA
6613.625,12.9,50.1046,1.8083024000000023,NA
6623.375,10.7,47.79145,NA,NA
6633.125,17.3,46.79305,NA,NA
6642.5,8.7,52.9616,NA,NA
6651.5,7.2,52.71705,1.8596141000000017,NA
6660.5,6,54.8848,NA,NA
6669.5,6.5,55.5621,NA,NA
6678.75,10.9,53.49595,NA,NA
6688.25,11.2,50.64805,1.7190432000000015,NA
6697.75,11.9,51.82225,NA,NA
6707.25,9.2,49.39725,NA,NA
6716.375,6.8,56.0802,NA,NA
6725.125,5.9,56.5173,1.5027967999999987,NA
6733.875,7.4,52.5591,NA,NA
6742.625,6.7,48.44305,NA,NA
6751.75,8.8,55.2053,NA,NA
6761.25,10.4,51.6189,1.4719632000000047,NA
6770.75,11.3,51.40685,NA,NA
6780.25,11.3,50.2164,NA,NA
6793.2,8.8,51.73795,1.501435395179879,NA
6809.6,7.8,54.27825,NA,NA
6826,8.3,53.8877,1.7085360000000023,NA
6842.4,8.3,55.3492,NA,NA
6858.8,6.9,57.3921,NA,NA
6871.167,7.6,49.1763,NA,NA
6879.5,10.4,49.2132,1.3452928000000028,NA
6887.833,9.5,49.05415,NA,NA
6896.75,7.2,45.8648,NA,NA
6906.25,6.5,50.7884,1.790235200000005,NA
6915.75,11.2,51.51835,NA,NA
6925.25,9,50.4926,NA,NA
6936,15.1,47.6243,NA,NA
6948,17.1,45.49315,1.1174145999999965,NA
6960,14.8,51.13945,NA,NA
6972,15.3,49.96545,NA,NA
6982.75,7.1,48.58185,NA,NA
6992.25,4.6,46.1153,1.574915800000003,NA
7001.75,8.5,48.46295,NA,NA
7011.25,7.7,50.9017,NA,NA
7021.875,10.7,46.5745,NA,NA
7033.625,16.1,44.87625,1.5161008000000038,NA
7045.375,15.3,47.94755,NA,NA
7057.125,19.9,47.12535,NA,NA
7068.25,8.1,53.99415,NA,NA
7078.75,6,52.8753,1.7916402000000033,NA
7089.25,6.3,50.78115,NA,NA
7099.75,10.1,48.54325,NA,NA
7111.625,9.4,50.61555,NA,NA
7124.875,11.6,46.78115,1.8574978000000044,NA
7138.125,16,44.0628,NA,NA
7151.375,8.3,51.20725,NA,NA
7164.667,9.5,53.95435,NA,NA
7178,6.6,52.37755,2.0040368000000015,NA
7191.333,6,50.98065,NA,NA
7204.7,6.9,48.2767,NA,NA
7218.1,9.4,50.31695,NA,NA
7231.5,10.1,50.59135,1.3807894000000047,NA
7244.9,8.2,51.34695,NA,NA
7258.3,7,56.88675,NA,NA
7271.333,7.9,48.0862,NA,NA
7284,8.3,54.9311,1.8446771999999996,NA
7296.667,9.5,51.2926,NA,NA
7306.5,15.9,49.49785,NA,NA
7313.5,12.2,46.7296,NA,NA
7320.5,17.5,48.13385,1.7698528000000024,NA
7327.5,8.1,45.56295,NA,NA
7334.5,13.1,49.46165,NA,NA
7343,5.7,54.3295,NA,NA
7353,6.7,53.28575,1.8434080000000037,NA
7363,9.1,59.2622,NA,NA
7373.3,13.2,47.02785,NA,NA
7383.9,12.7,47.7278,NA,NA
7394.5,10.9,44.4439,1.863153600000004,NA
7405.1,13.4,46.182,NA,NA
7415.7,8,54.35635,NA,NA
7426.833,7.9,48.798325,NA,NA
7438.5,6.6,50.81305,1.945408300000004,NA
7450.167,10.2,45.152,NA,NA
7460.625,10.2,45.684225,NA,NA
7469.875,14.1,46.93815,1.7946806000000066,NA
7479.125,9.6,53.816725,NA,NA
7488.375,8.4,47.96795,NA,NA
7495.5,8.4,51.29775,NA,NA
7504.333,4,51.34025,NA,NA
7517,5.3,51.99965,1.9190857000000037,NA
7529.667,8.8,52.07335,NA,NA
7540,5.8,49.7415,NA,NA
7548,6.4,49.0787,NA,NA
7556,10.8,55.07865,2.0421261999999984,NA
7564,5.7,52.4612,NA,NA
7572,9.7,47.9434,NA,NA
7579.667,7.1,50.41285,NA,NA
7587,7.6,52.1376,1.8131957000000014,NA
7594.333,6.1,53.504875,NA,NA
7602,7.4,51.4616,NA,NA
7610,10.7,51.117375,1.8059888000000015,NA
7618,11.3,50.381175,NA,NA
7626,7.8,49.5303,NA,NA
7634,8.3,55.10675,NA,NA
7642,8.6,52.6945,2.088189700000001,NA
7650,7,52.0558,NA,NA
7658,7.4,55.96015,NA,NA
7666,7.5,56.7335,2.0212792000000093,NA
7674,8.9,53.587,NA,NA
7681.333,7.2,54.146,NA,NA
7688,7.3,52.065675,1.905396600000003,NA
7694.667,5.3,56.66135,NA,NA
7702.2,8.8,52.07635,NA,NA
7710.6,12.7,50.6827,NA,NA
7719,9.7,52.00995,1.9221531000000027,NA
7727.4,11.2,52.83885,NA,NA
7735.8,11.5,56.57185,NA,NA
7745.25,5.8,54.9758,NA,NA
7755.75,8.8,48.9445,1.8311982000000029,NA
7766.25,8.5,54.9789,NA,NA
7776.75,7.6,56.4837,NA,NA
7786.625,6.8,51.70805,NA,NA
7795.875,7.9,54.20245,1.8090077999999963,NA
7805.125,8.4,53.54845,NA,NA
7814.375,8.9,54.9925,NA,NA
7822.5,6.7,50.19765,NA,NA
7829.5,5.4,50.1248,1.7742798000000022,NA
7836.5,6.6,49.49885,NA,NA
7843.625,8.6,52.6632,NA,NA
7850.875,6.3,49.09905,2.0382286000000036,NA
7858.125,5.4,51.26455,NA,NA
7865.375,10.1,50.1688,NA,NA
7872.333,7,51.8752,NA,NA
7879,9.2,52.8863,1.7764117999999982,NA
7885.667,7.7,56.43675,NA,NA
7892.8,8.5,51.7824,NA,NA
7900.4,12.8,49.19885,NA,NA
7908,12.3,52.6391,1.863363200000002,NA
7915.6,7.9,51.52335,NA,NA
7923.2,7.4,48.79225,NA,NA
7932.167,8,48.993,NA,NA
7942.5,7.2,55.4905,1.9892150000000086,NA
7952.833,6.7,53.7849,NA,NA
7963.1,9.2,52.896775,NA,NA
7973.3,10.1,47.5141,NA,NA
7983.5,16.9,50.5813,1.8805807500000036,NA
7993.7,16,47.65335,NA,NA
8003.9,11.8,54.9365,NA,NA
8013,8.7,55.0466,NA,NA
8021,6.8,56.53305,1.9199359999999999,NA
8029,6.4,51.23935,NA,NA
8039.1,8.8,52.0999,NA,NA
8051.3,10.1,50.2833,NA,NA
8063.5,15.3,48.85565,1.8107763000000006,NA
8075.7,13.7,52.41145,NA,NA
8087.9,8.4,52.00015,NA,NA
8097.375,5.7,56.77455,NA,NA
8104.125,7.3,55.3462,1.6102959999999982,NA
8110.875,5.4,59.2345,NA,NA
8117.625,7.2,53.88875,NA,NA
8124.833,11.6,50.24635,NA,NA
8132.5,11.3,51.19315,2.0816408000000024,NA
8140.167,7.7,52.6636,NA,NA
8153,7.8,56.6111,1.805875438949009,NA
8170.6,7.6,52.523,NA,NA
8179.8,10.7,50.9611,NA,NA
8189,7.1,48.38465,NA,NA
8198.2,7.6,55.73845,NA,NA
8207.4,10.1,55.77365,NA,NA
8216.2,6,50.63655,NA,NA
8224.6,9.2,48.9674,NA,NA
8233,12.8,47.6498,1.845800000000004,NA
8241.4,11.1,45.9647,NA,NA
8249.8,8.8,51.08995,NA,NA
8257.667,5.7,54.89355,NA,NA
8265,6.4,55.0093,1.6577407999999991,NA
8272.333,10,55.62015,NA,NA
8282.1,10.1,45.38325,NA,NA
8294.3,10.9,46.23725,NA,NA
8306.5,13.9,46.495,1.705797000000004,NA
8318.7,16.3,47.9537,NA,NA
8330.9,18.5,45.3253,NA,NA
8343.25,9.1,49.68405,NA,NA
8355.75,6.4,50.76025,1.7470032000000018,NA
8368.25,12,45.10235,NA,NA
8380.75,13.7,46.8879,NA,NA
8392.5,14.4,50.4297,NA,NA
8403.5,14.8,45.1665,NA,NA
8414.5,19.5,45.2487,1.384166399999998,NA
8425.5,17.2,43.4743,NA,NA
8436.5,15.2,46.56915,NA,NA
8445.125,9.5,52.80515,NA,NA
8451.375,11.6,53.22575,1.5871838000000054,NA
8457.625,8.2,53.93625,NA,NA
8463.875,9.9,51.03725,NA,NA
8470.875,11.2,48.1783,NA,NA
8478.625,16.6,40.58375,1.7408295999999979,NA
8486.375,11,45.5127,NA,NA
8494.125,14.5,52.19775,NA,NA
8503,11.7,57.25815,1.2863040000000012,NA
8512.143,8.4,46.53475,NA,NA
8520.429,9.8,49.38145,NA,NA
8528.714,8.9,51.25695,NA,NA
8537,8.2,47.61055,1.8336791999999988,NA
8545.286,13.7,51.10275,NA,NA
8553.571,12.2,49.16115,NA,NA
8561.857,13.4,46.3175,NA,NA
8568.5,5,53.0876,-0.7862532731625489,outlier
8576.643,17,46.8318,NA,NA
8587.929,13.5,46.616,NA,NA
8599.214,14.3,44.84115,NA,NA
8610.5,16.2,50.04648,1.729760800000001,NA
8621.786,12.5,48.9074,NA,NA
8633.071,12.2,43.741,NA,NA
8644.357,9.2,46.5321,NA,NA
8656,13.8,48.11945,1.6462544000000037,NA
8668,11.8,51.4791,NA,NA
8679.571,11,50.99185,NA,NA
8690.714,14.1,43.0539,NA,NA
8701.857,13.7,46.79415,NA,NA
8713,18.9,48.39455,1.4150632000000058,NA
8724.143,20.8,47.3429,NA,NA
8735.286,22,47.915,NA,NA
8746.429,14.9,47.63765,NA,NA
8757.25,13.7,52.3383,1.865571200000005,NA
8767.75,22.1,50.03305,NA,NA
8778.25,17.8,46.2708,NA,NA
8788.75,17.9,45.37505,NA,NA
8799.25,17.4,42.286,1.4469974000000079,NA
8809.75,15.6,46.7091,NA,NA
8820.25,14.5,46.8398,NA,NA
8830.75,19.7,47.8979,NA,NA
8842.25,18,45.04465,1.6202928000000014,NA
8854.75,14.1,48.1092,NA,NA
8866.917,18.7,43.88195,NA,NA
8878.75,20.3,43.768225,NA,NA
8890.583,17.1,44.81605,1.559043200000005,NA
8902.417,14.4,42.375325,NA,NA
8914.25,21.8,42.08205,NA,NA
8926.083,20.7,46.09625,NA,NA
8935.5,13.6,47.160925,1.607360000000007,NA
8942.5,15,48.61895,NA,NA
8951.286,10.8,50.1278,NA,NA
8961.857,12.6,48.4988,NA,NA
8972.429,19,45.44435,NA,NA
8983,14,44.6819,1.465790400000003,NA
8993.571,20,49.0032,NA,NA
9004.143,23.7,45.57615,NA,NA
9014.714,13.6,45.80305,NA,NA
9022.5,13.6,47.55805,1.7853544000000028,NA
9031.25,18.3,49.2238,NA,NA
9043.75,22.1,49.0462,NA,NA
9056.25,19.7,44.5934,1.546684599999999,NA
9068.75,13.4,46.86665,NA,NA
9081.25,16.6,46.8598,NA,NA
9093.75,8,47.85065,NA,NA
9102.5,17.3,47.87335,1.5307742000000033,NA
9111,13.7,45.60795,NA,NA
9123,14.5,47.790767,NA,NA
9135,20.2,42.288,NA,NA
9147,19.8,46.56065,1.7490932000000043,NA
9159,15.9,40.81225,NA,NA
9171,15.8,43.65355,NA,NA
9183,NA,42.55515,NA,NA
9195,18.5,42.4088,NA,NA
9202.25,18.2,43.71435,1.6908246000000062,NA
9204.75,11.2,46.96,NA,NA
9212.083,NA,41.49495,NA,NA
9224.25,11.1,43.617,NA,NA
9236.417,21.4,47.90345,1.5654744000000065,NA
9248.583,26,44.12845,NA,NA
9260.75,16.2,46.6245,NA,NA
9272.917,23.1,43.51575,NA,NA
9281.75,16,48.2853,1.6915791999999996,NA
9287.25,19.1,41.60875,NA,NA
9296.333,19.5,46.1164,NA,NA
9309,15.4,46.48325,NA,NA
9321.667,18.1,42.5684,1.4915334000000016,NA
9334.333,22.5,45.4456,NA,NA
9347,23,44.95365,NA,NA
9359.667,20,42.60045,NA,NA
9370.5,16.5,44.72435,1.874808200000004,NA
9379.5,17.7,48.47875,NA,NA
9390.25,12,40.4296,NA,NA
9402.75,15.3,48.88405,NA,NA
9415.25,14.3,45.2196,1.5778534000000022,NA
9427.75,22,44.5633,NA,NA
9440.25,23.3,46.92038,NA,NA
9452.75,17.5,46.707,NA,NA
9461.5,18.8,41.57555,1.9237880000000018,NA
9471.833,14.2,45.323,NA,NA
9487.5,17.2,43.50225,NA,NA
9503.167,12.2,47.62085,1.7726212000000032,NA
9518.833,16.1,40.84735,NA,NA
9534.5,19.5,46.3334,NA,NA
9550.167,12.1,46.00385,NA,NA
9559.25,14.8,45.696,1.7184688000000037,NA
9561.75,16,45.1331,NA,NA
9568.583,21.1,46.8641,NA,NA
9579.75,11.5,43.30705,NA,NA
9590.917,20.3,39.2754,1.3161832000000047,NA
9602.083,13.5,48.58355,NA,NA
9613.25,15.6,40.76615,NA,NA
9624.417,19.2,44.482067,NA,NA
9636.333,13.4,48.27835,NA,NA
9649,17.1,46.24395,1.639793400000002,NA
9661.667,16.2,45.37645,NA,NA
9674.5,22.1,46.69005,NA,NA
9687.5,17.1,41.0104,NA,NA
9700.5,15.6,47.74095,1.1182208000000031,NA
9713.5,17.4,44.049,NA,NA
9726.5,17.2,43.61505,NA,NA
9739.5,20.1,46.87375,NA,NA
9751.667,16,41.741,NA,NA
9763,11.1,45.11765,-1.5316666740295755,outlier
9774.333,16.2,49.1061,NA,NA
9787.8,19.3,48.5548,NA,NA
9803.4,20.4,46.2295,NA,NA
9819,23.5,42.50745,1.5731536000000048,NA
9834.6,17.1,46.7833,NA,NA
9850.2,16.3,44.036225,NA,NA
9862.333,12.9,46.48175,NA,NA
9871,16.7,44.3261,1.6353656,NA
9879.667,12.3,47.18065,NA,NA
9889.333,9,48.0855,NA,NA
9900,12.6,48.1219,NA,NA
9910.667,14.5,47.88055,1.6459437999999977,NA
9921.333,13.6,47.0068,NA,NA
9932,14.1,44.55045,NA,NA
9942.667,17.4,45.65555,NA,NA
9950.5,18,42.5924,0.8577629999999985,NA
9959.333,14.3,45.66765,NA,NA
9972,14.8,46.3302,NA,NA
9984.667,13.7,45.54045,1.6823323000000059,NA
9997.333,14.3,44.77305,NA,NA
10010,13.3,45.9454,NA,NA
10022.667,13.8,45.3645,NA,NA
10035.75,16.8,46.86625,1.2742681000000005,NA
10049.25,12.3,39.8609,NA,NA
10062.2,15.2,47.3901,NA,NA
10074.6,13.2,45.1493,NA,NA
10087,17.5,48.1314,1.495345852050124,NA
10099.4,11,47.57275,NA,NA
10111.8,18.7,46.4493,NA,NA
10123.5,9.4,56.34085,NA,NA
10134.5,14.1,41.206,-1.4216803104920406,outlier
10145.5,14.5,44.36445,NA,NA
10158,18.5,45.1166,NA,NA
10172,13.4,45.053167,NA,NA
10186,17.8,42.7136,1.3690728213671737,NA
10200,13.3,42.1387,NA,NA
10214,16.6,46.8688,NA,NA
10228.75,18.4,47.02275,1.6364443017676535,NA
10244.25,15.4,50.8348,NA,NA
10260.333,11.9,43.59095,NA,NA
10277,15.2,42.063,NA,NA
10293.667,15.2,43.907225,1.6741827474026323,NA
10306.75,13,45.9914,NA,NA
10316.25,16,42.12775,NA,NA
10325.75,15.3,41.6894,NA,NA
10335.25,10.7,46.1592,NA,NA
10344.5,15.8,46.22745,NA,NA
10353.5,11.9,46.5796,1.7665123024623053,NA
10362.5,12.3,44.263725,NA,NA
10372.75,16.5,41.81565,NA,NA
10384.25,18.4,44.18595,NA,NA
10395.75,15.6,44.747,1.5995571341725092,NA
10407.25,10.9,46.3415,NA,NA
10418.75,13.8,45.98725,NA,NA
10430.25,9.3,51.655775,NA,NA
10443.75,16.6,46.867625,1.4963054782604555,NA
10459.25,14.9,45.35665,NA,NA
10472,15.7,47.642275,NA,NA
10482,15.6,48.7738,NA,NA
10492,8.9,45.5266,1.7478480551705904,NA
10502,13,50.52915,NA,NA
10512,14.2,48.741833,NA,NA
10522,16,51.058825,NA,NA
10536.75,13.7,48.55645,1.7700625389500242,NA
10556.25,17,46.27445,NA,NA
10571.9,18.5,46.4421,NA,NA
10586.9,12.1,49.32765,NA,NA
10598.7,20.7,47.2758,1.5646779973686666,NA
10610.5,16.7,48.3159,NA,NA
10622.3,16.1,45.81115,NA,NA
10634.1,13.5,47.55565,NA,NA
10647.5,14.9,48.001,NA,NA
10662.5,13.4,48.18955,1.0663285415918935,NA
10677.5,10.5,50.20015,NA,NA
10692.333,13.9,43.61005,NA,NA
10707,19.1,46.5843,NA,NA
10721.667,15.5,45.95695,1.6989546554755155,NA
10736.333,11.8,46.130275,NA,NA
10751,21.1,47.29375,NA,NA
10765.667,16.8,45.64115,NA,NA
10779.5,15.3,47.06915,1.999711065141528,NA
10792.5,18.7,43.8925,NA,NA
10807.583,18.6,46.96085,NA,NA
10824.75,17.1,45.9215,NA,NA
10841.917,16.1,44.9276,1.0571486561313461,NA
10859.083,17,44.9917,NA,NA
10876.25,14.6,47.8565,NA,NA
10893.417,13.4,45.9284,NA,NA
10906.667,14.7,53.1992,NA,NA
10916,12.3,51.8004,1.7414893021162452,NA
10925.333,11.8,55.3322,NA,NA
10935.667,6.2,55.7852,NA,NA
10947,6.4,55.4058,1.76167690304964,NA
10958.333,8,60.07675,NA,NA
10970.25,6.7,62.07745,NA,NA
10982.75,6,60.9497,NA,NA
10995.25,4.9,58.57115,1.870100800000003,NA
11007.75,3.9,60.73695,NA,NA
11018,7.2,60.01485,NA,NA
11026,3.6,59.45855,1.872652600000002,NA
11034,7.3,55.31185,NA,NA
11042.167,5.7,57.72455,NA,NA
11050.5,4.5,55.1192,2.0338607999999994,NA
11058.833,3.2,57.96485,NA,NA
11066.333,3.5,62.3229,1.6723730000000003,NA
11073,3.4,52.49965,1.7997904000000062,NA
11079.667,4,61.3086,NA,NA
11088,4.2,60.4095,NA,NA
11098,6,61.7521,2.231869600000003,NA
11108,4.8,56.84975,NA,NA
11115.375,4.2,62.3369,NA,NA
11120.125,5,64.34495,1.786379200000006,NA
11124.875,3,61.27825,NA,NA
11129.625,3.2,58.9371,NA,NA
11136.833,3.1,57.8416,NA,NA
11146.5,3.8,56.40805,2.1466384000000005,NA
11156.167,5.8,61.4688,NA,NA
11163.25,4.4,55.85245,NA,NA
11167.75,3.2,60.5677,NA,NA
11172.25,5.2,64.09565,1.9091112000000052,NA
11176.75,3.8,62.02575,NA,NA
11184,3.8,65.17415,1.9892817000000065,NA
11194,3.9,62.1542,NA,NA
11202,4.9,62.0803,NA,NA
11208,5,63.37475,1.856644799999998,NA
11214,3.5,60.8495,NA,NA
11220,4.3,62.8313,NA,NA
11227.5,3.5,61.5096,NA,NA
11236.5,3.9,61.64635,2.104705800000005,NA
11245.5,4.4,60.4999,NA,NA
11254.5,5.5,63.1194,NA,NA
11261.125,4.3,59.83625,NA,NA
11265.375,5.2,62.2059,2.112963200000003,NA
11269.625,3.5,63.3973,NA,NA
11273.875,5.3,58.1438,NA,NA
11280.25,5.3,60.1927,NA,NA
11288.75,4.3,56.4754,NA,NA
11297.75,4,64.39955,2.021144800000002,NA
11307.25,4.5,59.0046,NA,NA
11316.5,3.6,58.9306,NA,NA
11325.5,4.1,62.33355,2.1945941999999974,NA
11334.5,3.9,60.52155,NA,NA
11343.5,4,62.6828,NA,NA
11352,5.2,64.75235,2.1538624000000013,NA
11360,6.8,64.0252,NA,NA
11368.6,3.5,61.5383,NA,NA
11377.8,4.9,61.5801,NA,NA
11387,4.1,63.6028,2.0971535999999986,NA
11396.2,4.1,62.2764,NA,NA
11405.4,4.1,61.95585,NA,NA
11413.833,4.2,63.10085,NA,NA
11421.5,2.8,64.49045,1.9713944000000012,NA
11429.167,2.6,62.729,NA,NA
11440,4.1,61.03125,NA,NA
11454,4.5,63.1956,2.1075408000000024,NA
11468,4.9,64.1413,NA,NA
11478.5,7.1,62.5894,2.1561519999999987,NA
11485.5,7.5,64.0179,NA,NA
11492.083,2.9,62.41075,NA,NA
11498.25,6.5,58.9713,NA,NA
11504.417,5.1,59.90725,2.1104488000000003,NA
11510.583,8.7,59.33425,NA,NA
11516.75,9.3,59.1033,NA,NA
11522.917,6.7,57.4006,NA,NA
11533.75,11.4,52.3877,2.0467312000000035,NA
11549.25,8.4,55.837,NA,NA
11561.5,5.1,53.6136,NA,NA
11570.5,13.1,48.1401,NA,NA
11579.5,10.6,50.138,2.2329164000000006,NA
11588.5,13.7,42.9769,NA,NA
11597.5,8,52.94735,NA,NA
11607,10.7,50.49745,NA,NA
11617,12.7,53.14835,2.134236400000006,NA
11627,11.9,53.26955,NA,NA
11637,9.1,50.60985,NA,NA
11646.75,10.3,48.3521,NA,NA
11656.25,9.1,56.1738,1.8261416000000068,NA
11665.75,6.2,54.54745,NA,NA
11675.25,8.5,51.79085,NA,NA
11685,5.1,58.40595,NA,NA
11695,6.2,62.2922,1.9777864000000065,NA
11705,8.2,61.1571,NA,NA
11715,9.5,61.63585,NA,NA
11725.167,3.7,62.3338,NA,NA
11735.5,5.2,59.6681,2.228436799999997,NA
11745.833,6.4,60.64775,NA,NA
11755.667,4.1,62.8379,NA,NA
11765,2.3,57.9475,2.136857600000006,NA
11774.333,6,59.2437,NA,NA
11783,4,57.4895,NA,NA
11791,4.6,60.52805,2.233776200000001,NA
11799,3.6,60.3914,NA,NA
11807,3.8,57.26125,NA,NA
11814.833,7.4,59.517075,NA,NA
11822.5,5.1,56.89545,2.0507584000000065,NA
11830.167,5.5,58.2377,NA,NA
11840.25,5.5,55.77075,NA,NA
11852.75,8,58.39745,2.231028799999997,NA
11865.25,3.1,56.92595,NA,NA
11877.75,3.8,54.50815,NA,NA
11886.833,6.1,60.335425,NA,NA
11892.5,7.2,58.5388,2.1578864000000024,NA
11898.167,6.2,59.41765,NA,NA
11904,6.6,57.9019,NA,NA
11910,6.7,56.8463,2.2696048000000033,NA
11916,5.1,60.4123,NA,NA
11922.167,4.2,59.709825,NA,NA
11928.5,3.8,60.2091,2.0416880000000006,NA
11934.833,2.6,57.50705,NA,NA
11941.5,5.2,61.22185,NA,NA
11948.5,6.9,57.60465,2.0802976000000015,NA
11955.5,5.2,55.19695,NA,NA
11962.333,5.5,60.40355,NA,NA
11969,7.4,59.8003,2.1629324000000025,NA
11975.667,5.7,61.74055,NA,NA
11982.833,5.2,53.90925,NA,NA
11990.5,4.5,55.67095,2.2805216,NA
11998.167,5,59.02625,NA,NA
12005.667,3.5,60.5286,NA,NA
12013,5.4,58.6397,2.137779200000004,NA
12020.333,6,58.9368,NA,NA
12028.9,4,60.80985,NA,NA
12038.7,3.4,55.3048,NA,NA
12048.5,3.4,60.4846,2.2553808000000046,NA
12058.3,5.5,63.11145,NA,NA
12068.1,5.4,59.2677,NA,NA
12077.625,2.9,58.6229,NA,NA
12086.875,3.7,59.32095,2.0218705000000057,NA
12096.125,4.8,56.51965,NA,NA
12105.375,3.9,61.23585,NA,NA
12115,3.3,59.248,NA,NA
12125,5.3,60.30645,2.176770100000006,NA
12135,4.4,59.89525,NA,NA
12145,5.9,57.7644,NA,NA
12153.167,4.8,57.83005,NA,NA
12159.5,5.3,58.87815,1.904059200000006,NA
12165.833,6.2,54.91145,NA,NA
12174.5,5.3,60.2619,NA,NA
12185.5,3,55.38885,1.980710000000002,NA
12196.5,4.3,59.85035,NA,NA
12205.25,3.2,54.9461,NA,NA
12211.75,3.4,58.66925,2.127381100000001,NA
12218.25,5.7,61.25505,NA,NA
12224.75,4.9,59.5243,NA,NA
12231.375,5,55.1505,NA,NA
12238.125,6.7,57.8441,1.9243473000000009,NA
12244.875,5.1,58.14515,NA,NA
12251.625,6.2,60.1644,NA,NA
12259.75,5.6,60.3365,NA,NA
12269.25,6.2,60.578433,1.8443160000000063,NA
12278.75,3.1,58.814,NA,NA
12288.25,4.2,61.38555,NA,NA
12296.833,3,62.4991,NA,NA
12304.5,3.5,55.8439,1.8342864000000034,NA
12312.167,3.1,53.6828,NA,NA
12320.5,4.9,59.740333,NA,NA
12329.5,6.5,58.47675,1.9720191999999983,NA
12338.5,7.9,55.71135,NA,NA
12347.25,5.1,58.3251,NA,NA
12364.25,7.5,56.8131,NA,NA
12372.75,5.2,56.04575,NA,NA
12378.5,5.8,55.10065,NA,NA
12381.5,6.5,58.25225,1.9227120000000042,NA
12384.5,5.6,54.22685,NA,NA
12389,6.6,56.10095,NA,NA
12395,5.9,57.06142,2.1540224000000023,NA
12401,10,52.64875,NA,NA
12406.167,7.1,57.57805,NA,NA
12410.5,9.6,53.999875,1.990999500000001,NA
12414.833,6.8,55.533775,NA,NA
12419,5.7,61.16775,1.9852808000000053,NA
12423,7.9,53.98445,NA,NA
12427.5,9.2,53.6283,NA,NA
12432.5,8.3,59.3014,2.0269616,NA
12437.5,4.3,58.2173,NA,NA
12442.5,7.8,56.6036,NA,NA
12447.5,9.7,47.1312,1.8676160000000053,NA
12452.5,6,54.635025,NA,NA
12457.5,6.1,53.5363,1.951797599999999,NA
12462.5,6.3,54.0971,NA,NA
12468.125,8.6,51.254625,NA,NA
12474.375,5.4,49.0145,1.8532784000000007,NA
12480.625,4.6,52.82105,NA,NA
12486.875,4.2,55.832225,NA,NA
12494.25,6.5,59.474825,NA,NA
12502.75,6.8,60.355775,2.010669600000007,NA
12511.25,5.1,56.077275,NA,NA
12519.75,8.3,51.3312,NA,NA
12529.75,8.2,45.10752,NA,NA
12541.25,5.5,51.40925,1.9093162000000063,NA
12552.75,7,52.60135,NA,NA
12564.25,6.4,49.52945,NA,NA
12573.25,5.7,56.22915,NA,NA
12579.75,8.8,59.6063,1.9176642000000044,NA
12586.25,7.2,58.7789,NA,NA
12592.75,7.3,57.742633,NA,NA
12599.875,4.9,53.9121,NA,NA
12607.625,4.1,54.0238,2.2091688000000005,NA
12615.375,5.9,53.2079,NA,NA
12623.125,8.9,57.66615,NA,NA
12630.2,6.1,62.6012,NA,NA
12636.6,7,56.4535,NA,NA
12643,6.5,56.7534,1.8359132000000002,NA
12649.4,7.9,58.5578,NA,NA
12655.8,6.3,59.24155,NA,NA
12663.167,5.7,53.4393,NA,NA
12671.5,11.1,55.7116,2.012620900000009,NA
12679.833,8.1,56.1476,NA,NA
12687.25,7.3,56.348,1.8505948000000032,NA
12693.75,7.7,60.2743,NA,NA
12700,6.7,55.89325,2.1844309000000024,NA
12706,5.9,58.4493,NA,NA
12712.75,6.5,56.4585,NA,NA
12720.25,11,56.26435,NA,NA
12728.75,6.2,55.43625,2.0325408000000067,NA
12738.25,6.1,60.4181,NA,NA
12745.625,6.2,62.4785,NA,NA
12750.875,6.5,60.74445,1.9499679999999984,NA
12756.125,6.4,52.9142,NA,NA
12761.375,6.5,52.7504,NA,NA
12769.833,12.4,51.2992,NA,NA
12781.5,14.2,49.24275,NA,NA
12793.167,11.4,53.4387,2.0726518999999968,NA
12804.833,6.7,52.71365,NA,NA
12816.5,5.4,52.896,NA,NA
12828.167,9.8,50.657675,NA,NA
12838.5,3.9,52.769867,1.6120158000000018,NA
12848.833,8,48.1725,NA,NA
12860.5,8.4,55.5939,NA,NA
12872.167,11.1,49.246275,1.934170200000004,NA
12883.833,13.1,51.2715,NA,NA
12895.5,8.9,49.34765,NA,NA
12907.167,9.6,50.84775,NA,NA
12916.375,12.1,53.89165,NA,NA
12923.125,10.4,52.7167,2.001161599999996,NA
12929.875,9.4,51.945,NA,NA
12936.625,9.6,50.5769,NA,NA
12947.125,9.9,51.98815,NA,NA
12961.375,15.5,55.1683,1.535617600000002,NA
12975.625,15.8,52.37425,NA,NA
12989.875,13,53.3464,NA,NA
13001.75,13,50.0359,NA,NA
13011.25,9.9,45.65185,1.955680000000001,NA
13020.75,14.1,48.30905,NA,NA
13030.25,14.5,51.98925,NA,NA
13040.5,17.7,50.95235,NA,NA
13051.5,13.3,49.9089,1.8670768000000066,NA
13062.5,9.7,50.6178,NA,NA
13073.5,14.1,54.1623,NA,NA
13083.25,8.9,58.3001,NA,NA
13091.75,6.6,53.76705,1.8123990000000063,NA
13100.25,11.5,48.6595,NA,NA
13108.75,10.4,53.422,NA,NA
13118.875,11.7,54.6136,NA,NA
13130.625,12.3,52.8717,1.7752288000000078,NA
13142.375,9.8,54.8657,NA,NA
13154.125,12.4,51.10685,NA,NA
13163.5,9.5,51.94335,NA,NA
13170.5,8.8,52.94835,1.9688191999999987,NA
13177.5,6.9,51.16065,NA,NA
13184.5,9.5,52.3247,NA,NA
13193.875,12.7,50.91015,NA,NA
13205.625,17.7,51.59595,1.8103375999999969,NA
13217.375,9.8,48.768625,NA,NA
13229.125,10.9,50.6314,NA,NA
13238.625,10.5,52.9473,NA,NA
13245.875,10.6,53.3084,1.9854831999999973,NA
13253.125,7.4,54.9449,NA,NA
13260.375,11.8,50.5324,NA,NA
13268.167,8.9,52.4165,NA,NA
13276.5,9.6,52.31595,1.920747200000001,NA
13284.833,8.4,53.653725,NA,NA
13291.75,8.7,58.4581,2.0603088000000014,NA
13297.25,5.5,52.152575,NA,NA
13305.375,12.3,53.794,NA,NA
13316.125,11.2,50.911,1.822849600000005,NA
13326.875,7.4,48.2172,NA,NA
13337.625,7.9,53.9379,NA,NA
13346.875,7.6,54.016,NA,NA
13354.625,4.6,53.8777,2.018774400000005,NA
13362.375,6.6,55.2365,NA,NA
13370.125,7.8,54.14145,NA,NA
13380.875,7.4,54.37575,NA,NA
13394.625,7.9,53.20705,1.7972688000000048,NA
13408.375,9.4,50.5892,NA,NA
13422.125,4.7,50.7353,NA,NA
13435.333,6.7,53.48725,NA,NA
13448,6.3,45.91545,2.1324597999999995,NA
13460.667,4.4,47.073,NA,NA
13472.25,10.3,53.65265,NA,NA
13482.75,8.9,50.17745,1.7807179000000062,NA
13493.25,11.1,52.7777,NA,NA
13503.75,10.5,48.6095,NA,NA
13513.375,7.5,56.293,NA,NA
13522.125,7,55.88155,1.8068688000000037,NA
13530.875,6.3,55.19315,NA,NA
13539.625,7.6,51.66985,NA,NA
13546.5,6,49.34125,1.861376600000007,NA
13553,6.2,50.85755,NA,NA
13561,12.4,54.7836,NA,NA
13569,7.7,52.0908,1.8374978000000013,NA
13577,8.5,53.45985,NA,NA
13585,10.7,50.6463,NA,NA
13594,12.4,53.6134,NA,NA
13604,9.8,54.09835,2.0667992000000055,NA
13614,9.1,51.9099,NA,NA
13624.75,7.6,46.9192,NA,NA
13636.25,8.4,53.11025,1.958325000000002,NA
13647.75,8,47.29745,NA,NA
13659.25,9.4,50.7243,NA,NA
13669,10.8,46.340475,NA,NA
13677,8.8,50.33705,1.608175799999998,NA
13685,9.7,47.6202,NA,NA
13693,5.8,48.43015,NA,NA
13700.833,7.7,59.2349,NA,NA
13708.5,10.1,52.43575,1.649772800000001,NA
13716.167,9.8,54.32815,NA,NA
13725.625,11,44.75475,NA,NA
13736.875,12.1,51.374267,1.7269754000000006,NA
13748.125,8.2,48.33525,NA,NA
13759.375,7.6,51.3221,NA,NA
13770.5,5.1,52.78815,NA,NA
13781.5,6.4,56.46105,1.778425200000008,NA
13792.5,9.3,49.8204,NA,NA
13805,9.5,45.0057,NA,NA
13819,12,57.25315,2.069728000000005,NA
13833,10.6,53.1128,NA,NA
13846,3.2,59.1454,NA,NA
13858,6.4,59.579,1.6468175999999985,NA
13870,7.6,51.25445,NA,NA
13882,5.8,52.0032,NA,NA
13893.625,13.4,55.5952,NA,NA
13904.875,11.2,55.68285,1.9348225000000028,NA
13916.125,8.6,56.292775,NA,NA
13927.375,8.2,47.27805,NA,NA
13940.125,6,46.81555,NA,NA
13954.375,6.1,51.4637,1.7300181000000023,NA
13968.625,7.3,50.3842,NA,NA
13982.875,9.9,52.8823,NA,NA
13995,9.2,55.78905,NA,NA
14005,9.6,55.39755,1.8624757000000045,NA
14015,6.4,59.516767,NA,NA
14027,7.9,57.6709,NA,NA
14041,7.5,56.33915,1.7424278000000086,NA
14055,9.1,54.02688,NA,NA
14069,9.4,55.52905,NA,NA
14080.625,9,49.49285,NA,NA
14089.875,6.4,52.92245,1.8867317000000057,NA
14099.125,10.9,46.84942,NA,NA
14108.375,13.1,53.552775,NA,NA
